date,node,forecast
2015-01-31,1,0.0
2015-02-28,1,0.0
2015-03-31,1,0.0
2015-04-30,1,0.0
2015-05-31,1,0.0
2015-06-30,1,0.0
2015-07-31,1,0.0
2015-08-31,1,0.0
2015-09-30,1,0.0
2015-10-31,1,0.0
2015-11-30,1,0.0
2015-12-31,1,0.0
2016-01-31,1,0.0
2016-02-29,1,0.0
2016-03-31,1,0.0
2016-04-30,1,0.0
2016-05-31,1,0.0
2016-06-30,1,0.0
2016-07-31,1,0.0
2016-08-31,1,0.0
2016-09-30,1,0.0
2016-10-31,1,0.0
2016-11-30,1,0.0
2016-12-31,1,0.0
2017-01-31,1,0.0
2017-02-28,1,0.0
2017-03-31,1,0.0
2017-04-30,1,0.0
2017-05-31,1,0.0
2017-06-30,1,0.0
2017-07-31,1,0.0
2017-08-31,1,0.0
2017-09-30,1,0.0
2017-10-31,1,0.0
2017-11-30,1,0.0
2017-12-31,1,0.0
2018-01-31,1,0.0
2018-02-28,1,0.0
2018-03-31,1,0.0
2018-04-30,1,0.0
2018-05-31,1,0.0
2018-06-30,1,0.0
2018-07-31,1,0.0
2018-08-31,1,0.0
2018-09-30,1,0.0
2018-10-31,1,0.0
2018-11-30,1,0.0
2018-12-31,1,0.0
2019-01-31,1,0.0
2019-02-28,1,0.0
2019-03-31,1,0.0
2019-04-30,1,0.0
2019-05-31,1,0.0
2019-06-30,1,0.0
2019-07-31,1,0.0
2019-08-31,1,0.0
2019-09-30,1,0.0
2019-10-31,1,0.0
2019-11-30,1,0.0
2019-12-31,1,0.0
2020-01-31,1,0.0
2020-02-29,1,0.0
2020-03-31,1,0.0
2020-04-30,1,0.0
2020-05-31,1,0.0
2020-06-30,1,0.0
2020-07-31,1,0.0
2020-08-31,1,0.0
2020-09-30,1,0.0
2020-10-31,1,0.0
2020-11-30,1,0.0
2020-12-31,1,0.0
2021-01-31,1,0.0
2021-02-28,1,0.0
2021-03-31,1,0.0
2021-04-30,1,0.0
2021-05-31,1,0.0
2021-06-30,1,0.0
2021-07-31,1,0.0
2021-08-31,1,0.0
2021-09-30,1,0.0
2021-10-31,1,0.0
2021-11-30,1,0.0
2021-12-31,1,0.0
2022-01-31,1,0.0
2022-02-28,1,0.0
2022-03-31,1,0.0
2022-04-30,1,0.0
2022-05-31,1,0.0
2022-06-30,1,0.0
2022-07-31,1,0.0
2022-08-31,1,0.0
2022-09-30,1,0.0
2022-10-31,1,0.0
2022-11-30,1,0.0
2022-12-31,1,0.0
2023-01-31,1,0.0
2023-02-28,1,0.0
2023-03-31,1,0.0
2023-04-30,1,0.0
2023-05-31,1,0.0
2023-06-30,1,0.0
2023-07-31,1,0.0
2023-08-31,1,0.0
2023-09-30,1,0.0
2023-10-31,1,0.0
2023-11-30,1,0.0
2015-01-31,2,0.0
2015-02-28,2,0.0
2015-03-31,2,0.0
2015-04-30,2,0.0
2015-05-31,2,0.0
2015-06-30,2,0.0
2015-07-31,2,0.0
2015-08-31,2,0.0
2015-09-30,2,0.0
2015-10-31,2,0.0
2015-11-30,2,0.0
2015-12-31,2,0.0
2016-01-31,2,0.0
2016-02-29,2,0.0
2016-03-31,2,0.0
2016-04-30,2,0.0
2016-05-31,2,0.0
2016-06-30,2,0.0
2016-07-31,2,0.0
2016-08-31,2,0.0
2016-09-30,2,0.0
2016-10-31,2,0.0
2016-11-30,2,0.0
2016-12-31,2,0.0
2017-01-31,2,0.0
2017-02-28,2,0.0
2017-03-31,2,0.0
2017-04-30,2,0.0
2017-05-31,2,0.0
2017-06-30,2,0.0
2017-07-31,2,0.0
2017-08-31,2,0.0
2017-09-30,2,0.0
2017-10-31,2,0.0
2017-11-30,2,0.0
2017-12-31,2,0.0
2018-01-31,2,0.0
2018-02-28,2,0.0
2018-03-31,2,0.0
2018-04-30,2,0.0
2018-05-31,2,0.0
2018-06-30,2,0.0
2018-07-31,2,0.0
2018-08-31,2,0.0
2018-09-30,2,0.0
2018-10-31,2,0.0
2018-11-30,2,0.0
2018-12-31,2,0.0
2019-01-31,2,0.0
2019-02-28,2,0.0
2019-03-31,2,0.0
2019-04-30,2,0.0
2019-05-31,2,0.0
2019-06-30,2,0.0
2019-07-31,2,0.0
2019-08-31,2,0.0
2019-09-30,2,0.0
2019-10-31,2,0.0
2019-11-30,2,0.0
2019-12-31,2,0.0
2020-01-31,2,0.0
2020-02-29,2,0.0
2020-03-31,2,0.0
2020-04-30,2,0.0
2020-05-31,2,0.0
2020-06-30,2,0.0
2020-07-31,2,0.0
2020-08-31,2,0.0
2020-09-30,2,0.0
2020-10-31,2,0.0
2020-11-30,2,0.0
2020-12-31,2,0.0
2021-01-31,2,0.0
2021-02-28,2,0.0
2021-03-31,2,0.0
2021-04-30,2,0.0
2021-05-31,2,0.0
2021-06-30,2,0.0
2021-07-31,2,0.0
2021-08-31,2,0.0
2021-09-30,2,0.0
2021-10-31,2,0.0
2021-11-30,2,0.0
2021-12-31,2,0.0
2022-01-31,2,0.0
2022-02-28,2,0.0
2022-03-31,2,0.0
2022-04-30,2,0.0
2022-05-31,2,0.0
2022-06-30,2,0.0
2022-07-31,2,0.0
2022-08-31,2,0.0
2022-09-30,2,0.0
2022-10-31,2,0.0
2022-11-30,2,0.0
2022-12-31,2,0.0
2023-01-31,2,0.0
2023-02-28,2,0.0
2023-03-31,2,0.0
2023-04-30,2,0.0
2023-05-31,2,0.0
2023-06-30,2,0.0
2023-07-31,2,0.0
2023-08-31,2,0.0
2023-09-30,2,0.0
2023-10-31,2,0.0
2023-11-30,2,0.0
2015-01-31,3,0.0
2015-02-28,3,0.0
2015-03-31,3,0.0
2015-04-30,3,0.0
2015-05-31,3,0.0
2015-06-30,3,0.0
2015-07-31,3,0.0
2015-08-31,3,0.0
2015-09-30,3,0.0
2015-10-31,3,0.0
2015-11-30,3,0.0
2015-12-31,3,0.0
2016-01-31,3,0.0
2016-02-29,3,0.0
2016-03-31,3,0.0
2016-04-30,3,0.0
2016-05-31,3,0.0
2016-06-30,3,0.0
2016-07-31,3,0.0
2016-08-31,3,0.0
2016-09-30,3,0.0
2016-10-31,3,0.0
2016-11-30,3,0.0
2016-12-31,3,0.0
2017-01-31,3,0.0
2017-02-28,3,0.0
2017-03-31,3,0.0
2017-04-30,3,0.0
2017-05-31,3,0.0
2017-06-30,3,0.0
2017-07-31,3,0.0
2017-08-31,3,0.0
2017-09-30,3,0.0
2017-10-31,3,0.0
2017-11-30,3,0.0
2017-12-31,3,0.0
2018-01-31,3,0.0
2018-02-28,3,0.0
2018-03-31,3,0.0
2018-04-30,3,0.0
2018-05-31,3,0.0
2018-06-30,3,0.0
2018-07-31,3,0.0
2018-08-31,3,0.0
2018-09-30,3,0.0
2018-10-31,3,0.0
2018-11-30,3,0.0
2018-12-31,3,0.0
2019-01-31,3,0.0
2019-02-28,3,0.0
2019-03-31,3,3.9047198613703253
2019-04-30,3,0.0
2019-05-31,3,0.0
2019-06-30,3,0.0
2019-07-31,3,0.0
2019-08-31,3,0.0
2019-09-30,3,0.0
2019-10-31,3,0.0
2019-11-30,3,0.0
2019-12-31,3,0.0
2020-01-31,3,0.0
2020-02-29,3,0.0
2020-03-31,3,0.0
2020-04-30,3,0.0
2020-05-31,3,0.0
2020-06-30,3,0.0
2020-07-31,3,0.0
2020-08-31,3,0.0
2020-09-30,3,0.0
2020-10-31,3,0.0
2020-11-30,3,0.0
2020-12-31,3,0.0
2021-01-31,3,0.0
2021-02-28,3,0.0
2021-03-31,3,0.0
2021-04-30,3,0.0
2021-05-31,3,0.0
2021-06-30,3,0.0
2021-07-31,3,0.0
2021-08-31,3,0.0
2021-09-30,3,0.0
2021-10-31,3,0.0
2021-11-30,3,0.0
2021-12-31,3,0.0
2022-01-31,3,0.0
2022-02-28,3,0.0
2022-03-31,3,0.0
2022-04-30,3,0.0
2022-05-31,3,0.0
2022-06-30,3,0.0
2022-07-31,3,0.0
2022-08-31,3,0.0
2022-09-30,3,0.0
2022-10-31,3,0.0
2022-11-30,3,0.0
2022-12-31,3,0.0
2023-01-31,3,0.0
2023-02-28,3,0.0
2023-03-31,3,0.0
2023-04-30,3,0.0
2023-05-31,3,0.0
2023-06-30,3,0.0
2023-07-31,3,0.0
2023-08-31,3,0.0
2023-09-30,3,0.0
2023-10-31,3,0.0
2023-11-30,3,0.0
2015-01-31,4,0.0
2015-02-28,4,0.0
2015-03-31,4,0.0
2015-04-30,4,0.0
2015-05-31,4,0.0
2015-06-30,4,0.0
2015-07-31,4,0.0
2015-08-31,4,0.0
2015-09-30,4,0.0
2015-10-31,4,0.0
2015-11-30,4,0.0
2015-12-31,4,0.0
2016-01-31,4,0.0
2016-02-29,4,0.0
2016-03-31,4,0.0
2016-04-30,4,0.0
2016-05-31,4,0.0
2016-06-30,4,0.0
2016-07-31,4,0.0
2016-08-31,4,0.0
2016-09-30,4,0.0
2016-10-31,4,0.0
2016-11-30,4,0.0
2016-12-31,4,0.0
2017-01-31,4,0.0
2017-02-28,4,0.0
2017-03-31,4,0.0
2017-04-30,4,0.0
2017-05-31,4,0.0
2017-06-30,4,0.0
2017-07-31,4,0.0
2017-08-31,4,0.0
2017-09-30,4,0.0
2017-10-31,4,0.0
2017-11-30,4,0.0
2017-12-31,4,0.0
2018-01-31,4,0.0
2018-02-28,4,0.0
2018-03-31,4,0.0
2018-04-30,4,0.0
2018-05-31,4,0.0
2018-06-30,4,0.0
2018-07-31,4,0.0
2018-08-31,4,0.0
2018-09-30,4,0.0
2018-10-31,4,0.0
2018-11-30,4,0.0
2018-12-31,4,0.0
2019-01-31,4,0.0
2019-02-28,4,0.0
2019-03-31,4,0.0
2019-04-30,4,0.0
2019-05-31,4,0.0
2019-06-30,4,0.0
2019-07-31,4,0.0
2019-08-31,4,0.0
2019-09-30,4,0.0
2019-10-31,4,0.0
2019-11-30,4,0.0
2019-12-31,4,0.0
2020-01-31,4,0.0
2020-02-29,4,0.0
2020-03-31,4,0.0
2020-04-30,4,0.0
2020-05-31,4,0.0
2020-06-30,4,0.0
2020-07-31,4,0.0
2020-08-31,4,0.0
2020-09-30,4,0.0
2020-10-31,4,0.0
2020-11-30,4,0.0
2020-12-31,4,0.0
2021-01-31,4,0.0
2021-02-28,4,0.0
2021-03-31,4,0.0
2021-04-30,4,0.0
2021-05-31,4,0.0
2021-06-30,4,0.0
2021-07-31,4,0.0
2021-08-31,4,0.0
2021-09-30,4,0.0
2021-10-31,4,0.0
2021-11-30,4,0.0
2021-12-31,4,0.0
2022-01-31,4,0.0
2022-02-28,4,0.0
2022-03-31,4,0.0
2022-04-30,4,0.0
2022-05-31,4,0.0
2022-06-30,4,0.0
2022-07-31,4,0.0
2022-08-31,4,0.0
2022-09-30,4,0.0
2022-10-31,4,0.0
2022-11-30,4,0.0
2022-12-31,4,0.0
2023-01-31,4,0.0
2023-02-28,4,0.0
2023-03-31,4,0.0
2023-04-30,4,0.0
2023-05-31,4,0.0
2023-06-30,4,0.0
2023-07-31,4,0.0
2023-08-31,4,0.0
2023-09-30,4,0.0
2023-10-31,4,0.0
2023-11-30,4,0.0
2015-01-31,5,0.0
2015-02-28,5,0.0
2015-03-31,5,0.0
2015-04-30,5,0.0
2015-05-31,5,0.0
2015-06-30,5,0.0
2015-07-31,5,0.0
2015-08-31,5,0.0
2015-09-30,5,0.0
2015-10-31,5,0.0
2015-11-30,5,0.0
2015-12-31,5,0.0
2016-01-31,5,0.0
2016-02-29,5,0.0
2016-03-31,5,0.0
2016-04-30,5,0.029477659403532745
2016-05-31,5,0.0
2016-06-30,5,0.0
2016-07-31,5,0.0
2016-08-31,5,0.0
2016-09-30,5,0.0
2016-10-31,5,0.0
2016-11-30,5,0.0
2016-12-31,5,0.0
2017-01-31,5,0.0
2017-02-28,5,0.0
2017-03-31,5,0.0
2017-04-30,5,0.0
2017-05-31,5,0.0
2017-06-30,5,0.0
2017-07-31,5,0.0
2017-08-31,5,0.0
2017-09-30,5,0.0
2017-10-31,5,0.0
2017-11-30,5,0.0
2017-12-31,5,0.0
2018-01-31,5,0.0
2018-02-28,5,0.0
2018-03-31,5,0.0
2018-04-30,5,0.0
2018-05-31,5,0.0
2018-06-30,5,0.0
2018-07-31,5,0.0
2018-08-31,5,0.0
2018-09-30,5,0.0
2018-10-31,5,0.0
2018-11-30,5,0.0
2018-12-31,5,0.0
2019-01-31,5,0.12409332497119904
2019-02-28,5,0.0
2019-03-31,5,0.0
2019-04-30,5,0.0
2019-05-31,5,0.0
2019-06-30,5,0.0
2019-07-31,5,0.0
2019-08-31,5,0.0
2019-09-30,5,0.0
2019-10-31,5,0.0
2019-11-30,5,0.0
2019-12-31,5,0.0
2020-01-31,5,0.0
2020-02-29,5,0.0
2020-03-31,5,0.0
2020-04-30,5,0.0
2020-05-31,5,0.0
2020-06-30,5,0.0
2020-07-31,5,0.0
2020-08-31,5,0.0
2020-09-30,5,0.0
2020-10-31,5,0.0
2020-11-30,5,0.0
2020-12-31,5,0.0
2021-01-31,5,0.0
2021-02-28,5,0.0
2021-03-31,5,0.0
2021-04-30,5,0.0
2021-05-31,5,0.0
2021-06-30,5,0.15219240247160196
2021-07-31,5,0.0
2021-08-31,5,0.0
2021-09-30,5,0.0
2021-10-31,5,0.0
2021-11-30,5,0.0
2021-12-31,5,0.0
2022-01-31,5,0.0
2022-02-28,5,0.0
2022-03-31,5,0.0
2022-04-30,5,0.0
2022-05-31,5,0.0
2022-06-30,5,0.0
2022-07-31,5,0.0
2022-08-31,5,0.0
2022-09-30,5,0.0
2022-10-31,5,0.0
2022-11-30,5,0.0
2022-12-31,5,0.0
2023-01-31,5,0.0
2023-02-28,5,0.0
2023-03-31,5,0.0
2023-04-30,5,0.0
2023-05-31,5,0.0
2023-06-30,5,0.0
2023-07-31,5,0.0
2023-08-31,5,0.0
2023-09-30,5,0.0
2023-10-31,5,0.0
2023-11-30,5,2.261722900593281
2015-01-31,6,0.0
2015-02-28,6,0.0
2015-03-31,6,0.0
2015-04-30,6,0.0
2015-05-31,6,0.0
2015-06-30,6,0.0
2015-07-31,6,0.0
2015-08-31,6,0.0
2015-09-30,6,0.0
2015-10-31,6,0.0
2015-11-30,6,0.0
2015-12-31,6,0.0
2016-01-31,6,0.0
2016-02-29,6,0.0
2016-03-31,6,0.0
2016-04-30,6,0.0
2016-05-31,6,0.0
2016-06-30,6,0.0
2016-07-31,6,0.0
2016-08-31,6,0.0
2016-09-30,6,0.0
2016-10-31,6,0.0
2016-11-30,6,0.0
2016-12-31,6,0.0
2017-01-31,6,0.0
2017-02-28,6,0.0
2017-03-31,6,0.0
2017-04-30,6,0.0
2017-05-31,6,0.0
2017-06-30,6,0.0
2017-07-31,6,0.0
2017-08-31,6,0.0
2017-09-30,6,0.0
2017-10-31,6,0.0
2017-11-30,6,0.0
2017-12-31,6,0.0
2018-01-31,6,0.0
2018-02-28,6,0.0
2018-03-31,6,0.0
2018-04-30,6,0.0
2018-05-31,6,0.0
2018-06-30,6,0.0
2018-07-31,6,0.0
2018-08-31,6,0.0
2018-09-30,6,0.0
2018-10-31,6,0.0
2018-11-30,6,0.0
2018-12-31,6,0.0
2019-01-31,6,0.0
2019-02-28,6,0.0
2019-03-31,6,0.0
2019-04-30,6,0.0
2019-05-31,6,0.0
2019-06-30,6,0.0
2019-07-31,6,0.0
2019-08-31,6,0.0
2019-09-30,6,0.0
2019-10-31,6,0.0
2019-11-30,6,0.0
2019-12-31,6,0.0
2020-01-31,6,0.0
2020-02-29,6,0.0
2020-03-31,6,0.0
2020-04-30,6,0.0
2020-05-31,6,0.0
2020-06-30,6,0.0
2020-07-31,6,0.0
2020-08-31,6,0.0
2020-09-30,6,0.0
2020-10-31,6,0.0
2020-11-30,6,0.0
2020-12-31,6,0.0
2021-01-31,6,0.0
2021-02-28,6,0.0
2021-03-31,6,0.0
2021-04-30,6,0.0
2021-05-31,6,0.0
2021-06-30,6,0.0
2021-07-31,6,0.0
2021-08-31,6,0.0
2021-09-30,6,0.0
2021-10-31,6,0.0
2021-11-30,6,0.0
2021-12-31,6,0.0
2022-01-31,6,0.0
2022-02-28,6,0.0
2022-03-31,6,0.0
2022-04-30,6,0.0
2022-05-31,6,0.0
2022-06-30,6,0.0
2022-07-31,6,0.0
2022-08-31,6,0.0
2022-09-30,6,0.0
2022-10-31,6,0.0
2022-11-30,6,0.0
2022-12-31,6,0.0
2023-01-31,6,0.0
2023-02-28,6,0.0
2023-03-31,6,0.0
2023-04-30,6,0.0
2023-05-31,6,0.0
2023-06-30,6,0.0
2023-07-31,6,0.0
2023-08-31,6,0.0
2023-09-30,6,0.0
2023-10-31,6,0.0
2023-11-30,6,0.0
2015-01-31,7,0.0
2015-02-28,7,0.0
2015-03-31,7,0.0
2015-04-30,7,0.0
2015-05-31,7,0.0
2015-06-30,7,0.0
2015-07-31,7,0.0
2015-08-31,7,0.0
2015-09-30,7,1.3422946093887091
2015-10-31,7,0.0
2015-11-30,7,0.0
2015-12-31,7,0.0
2016-01-31,7,0.0
2016-02-29,7,0.0
2016-03-31,7,0.5038909081310033
2016-04-30,7,0.0
2016-05-31,7,0.0
2016-06-30,7,0.0
2016-07-31,7,0.32227997522950175
2016-08-31,7,0.0
2016-09-30,7,0.0
2016-10-31,7,0.0
2016-11-30,7,0.0
2016-12-31,7,0.0
2017-01-31,7,0.0
2017-02-28,7,0.0
2017-03-31,7,0.0
2017-04-30,7,0.47471725708544255
2017-05-31,7,0.0
2017-06-30,7,0.1281342394977808
2017-07-31,7,0.0
2017-08-31,7,0.0
2017-09-30,7,0.0
2017-10-31,7,1.004402246940136
2017-11-30,7,0.0
2017-12-31,7,0.0
2018-01-31,7,0.0
2018-02-28,7,0.0
2018-03-31,7,0.0
2018-04-30,7,0.0
2018-05-31,7,0.0
2018-06-30,7,0.0
2018-07-31,7,0.0
2018-08-31,7,0.0
2018-09-30,7,0.0
2018-10-31,7,0.0
2018-11-30,7,0.0
2018-12-31,7,0.0
2019-01-31,7,0.0
2019-02-28,7,0.0
2019-03-31,7,0.0
2019-04-30,7,0.0
2019-05-31,7,0.0
2019-06-30,7,0.0
2019-07-31,7,0.0
2019-08-31,7,0.0
2019-09-30,7,0.0
2019-10-31,7,0.0
2019-11-30,7,0.0
2019-12-31,7,0.0
2020-01-31,7,0.0
2020-02-29,7,0.0
2020-03-31,7,0.0
2020-04-30,7,0.0
2020-05-31,7,0.0
2020-06-30,7,0.0
2020-07-31,7,0.0
2020-08-31,7,0.0
2020-09-30,7,0.0
2020-10-31,7,0.0
2020-11-30,7,0.0
2020-12-31,7,0.0
2021-01-31,7,0.0
2021-02-28,7,0.0
2021-03-31,7,0.32818405945301055
2021-04-30,7,0.0
2021-05-31,7,0.5976555211633444
2021-06-30,7,0.0
2021-07-31,7,0.0
2021-08-31,7,0.0
2021-09-30,7,0.0
2021-10-31,7,0.0
2021-11-30,7,0.0
2021-12-31,7,0.0
2022-01-31,7,0.0
2022-02-28,7,0.0
2022-03-31,7,0.0
2022-04-30,7,0.0
2022-05-31,7,0.0
2022-06-30,7,0.0
2022-07-31,7,0.0
2022-08-31,7,0.0
2022-09-30,7,0.0
2022-10-31,7,0.0
2022-11-30,7,0.0
2022-12-31,7,0.0
2023-01-31,7,0.0
2023-02-28,7,0.0
2023-03-31,7,0.0
2023-04-30,7,0.0
2023-05-31,7,0.0
2023-06-30,7,0.0
2023-07-31,7,0.0
2023-08-31,7,0.0
2023-09-30,7,0.0
2023-10-31,7,0.0
2023-11-30,7,3.898046695804596
2015-01-31,8,0.0
2015-02-28,8,0.0
2015-03-31,8,0.0
2015-04-30,8,0.0
2015-05-31,8,0.0
2015-06-30,8,0.0
2015-07-31,8,0.0
2015-08-31,8,0.0
2015-09-30,8,0.0
2015-10-31,8,0.0
2015-11-30,8,0.2479575083076954
2015-12-31,8,0.0
2016-01-31,8,0.0
2016-02-29,8,0.0
2016-03-31,8,0.0
2016-04-30,8,0.0
2016-05-31,8,0.0
2016-06-30,8,0.0
2016-07-31,8,0.0
2016-08-31,8,0.0
2016-09-30,8,0.0
2016-10-31,8,0.0
2016-11-30,8,0.0
2016-12-31,8,0.0
2017-01-31,8,0.0
2017-02-28,8,0.0
2017-03-31,8,0.0
2017-04-30,8,0.0
2017-05-31,8,0.0
2017-06-30,8,0.0
2017-07-31,8,0.0
2017-08-31,8,0.0
2017-09-30,8,0.0
2017-10-31,8,0.0
2017-11-30,8,0.0
2017-12-31,8,0.0
2018-01-31,8,0.0
2018-02-28,8,0.0
2018-03-31,8,0.0
2018-04-30,8,0.0
2018-05-31,8,0.0
2018-06-30,8,0.0
2018-07-31,8,0.0
2018-08-31,8,0.0
2018-09-30,8,0.0
2018-10-31,8,0.0
2018-11-30,8,0.0
2018-12-31,8,0.0
2019-01-31,8,0.0
2019-02-28,8,0.0
2019-03-31,8,0.0
2019-04-30,8,0.0
2019-05-31,8,0.0
2019-06-30,8,0.0
2019-07-31,8,0.0
2019-08-31,8,0.0
2019-09-30,8,0.0
2019-10-31,8,0.0
2019-11-30,8,0.0
2019-12-31,8,0.0
2020-01-31,8,0.0
2020-02-29,8,0.0
2020-03-31,8,0.0
2020-04-30,8,0.0
2020-05-31,8,0.0
2020-06-30,8,0.0
2020-07-31,8,0.0
2020-08-31,8,0.0
2020-09-30,8,0.0
2020-10-31,8,0.0
2020-11-30,8,0.0
2020-12-31,8,0.0
2021-01-31,8,0.0
2021-02-28,8,0.0
2021-03-31,8,0.0
2021-04-30,8,0.0
2021-05-31,8,0.0
2021-06-30,8,0.0
2021-07-31,8,0.0
2021-08-31,8,0.0
2021-09-30,8,0.0
2021-10-31,8,0.0
2021-11-30,8,0.0
2021-12-31,8,0.0
2022-01-31,8,0.0
2022-02-28,8,0.0
2022-03-31,8,0.0
2022-04-30,8,0.0
2022-05-31,8,0.0
2022-06-30,8,0.0
2022-07-31,8,0.0
2022-08-31,8,0.0
2022-09-30,8,0.0
2022-10-31,8,0.0
2022-11-30,8,0.0
2022-12-31,8,0.0
2023-01-31,8,0.0
2023-02-28,8,0.0
2023-03-31,8,0.0
2023-04-30,8,0.0
2023-05-31,8,0.0
2023-06-30,8,0.0
2023-07-31,8,0.0
2023-08-31,8,0.0
2023-09-30,8,0.0
2023-10-31,8,0.0
2023-11-30,8,0.0
2015-01-31,9,0.0
2015-02-28,9,0.0
2015-03-31,9,0.0
2015-04-30,9,0.0
2015-05-31,9,0.0
2015-06-30,9,0.0
2015-07-31,9,0.0
2015-08-31,9,0.0
2015-09-30,9,0.0
2015-10-31,9,0.0
2015-11-30,9,0.0
2015-12-31,9,0.0
2016-01-31,9,0.0
2016-02-29,9,0.0
2016-03-31,9,0.0
2016-04-30,9,0.0
2016-05-31,9,0.0
2016-06-30,9,0.0
2016-07-31,9,0.0
2016-08-31,9,0.0
2016-09-30,9,0.0
2016-10-31,9,0.0
2016-11-30,9,0.0
2016-12-31,9,0.0
2017-01-31,9,0.0
2017-02-28,9,0.0
2017-03-31,9,0.0
2017-04-30,9,0.0
2017-05-31,9,0.0
2017-06-30,9,0.0
2017-07-31,9,0.0
2017-08-31,9,0.0
2017-09-30,9,0.0
2017-10-31,9,0.0
2017-11-30,9,0.0
2017-12-31,9,0.0
2018-01-31,9,0.0
2018-02-28,9,0.0
2018-03-31,9,0.0
2018-04-30,9,0.0
2018-05-31,9,0.0
2018-06-30,9,0.0
2018-07-31,9,0.0
2018-08-31,9,0.0
2018-09-30,9,0.0
2018-10-31,9,0.0
2018-11-30,9,0.0
2018-12-31,9,0.0
2019-01-31,9,0.0
2019-02-28,9,0.0
2019-03-31,9,0.0
2019-04-30,9,0.0
2019-05-31,9,0.0
2019-06-30,9,0.0
2019-07-31,9,0.0
2019-08-31,9,0.0
2019-09-30,9,0.0
2019-10-31,9,0.0
2019-11-30,9,0.0
2019-12-31,9,0.0
2020-01-31,9,0.0
2020-02-29,9,0.0
2020-03-31,9,0.0
2020-04-30,9,0.0
2020-05-31,9,0.0
2020-06-30,9,0.0
2020-07-31,9,0.0
2020-08-31,9,0.0
2020-09-30,9,0.0
2020-10-31,9,0.0
2020-11-30,9,0.0
2020-12-31,9,0.0
2021-01-31,9,0.0
2021-02-28,9,0.0
2021-03-31,9,0.0
2021-04-30,9,0.0
2021-05-31,9,0.0
2021-06-30,9,0.0
2021-07-31,9,0.0
2021-08-31,9,0.0
2021-09-30,9,0.0
2021-10-31,9,0.0
2021-11-30,9,0.0
2021-12-31,9,0.0
2022-01-31,9,0.0
2022-02-28,9,1.879379579052329
2022-03-31,9,0.0
2022-04-30,9,0.0
2022-05-31,9,0.0
2022-06-30,9,0.0
2022-07-31,9,0.8081819160863757
2022-08-31,9,0.0
2022-09-30,9,0.0
2022-10-31,9,0.0
2022-11-30,9,0.0
2022-12-31,9,0.0
2023-01-31,9,0.0
2023-02-28,9,0.0
2023-03-31,9,0.0
2023-04-30,9,0.0
2023-05-31,9,0.0
2023-06-30,9,0.0
2023-07-31,9,0.0
2023-08-31,9,0.0
2023-09-30,9,0.0
2023-10-31,9,0.0
2023-11-30,9,0.0
2015-01-31,10,0.0
2015-02-28,10,0.0
2015-03-31,10,0.0
2015-04-30,10,0.0
2015-05-31,10,0.0
2015-06-30,10,0.0
2015-07-31,10,0.0
2015-08-31,10,0.0
2015-09-30,10,0.0
2015-10-31,10,0.0
2015-11-30,10,0.0
2015-12-31,10,0.0
2016-01-31,10,0.0
2016-02-29,10,0.0
2016-03-31,10,0.0
2016-04-30,10,0.0
2016-05-31,10,0.0
2016-06-30,10,0.0
2016-07-31,10,0.0
2016-08-31,10,0.0
2016-09-30,10,0.0
2016-10-31,10,0.0
2016-11-30,10,0.0
2016-12-31,10,0.0
2017-01-31,10,0.0
2017-02-28,10,0.0
2017-03-31,10,0.0
2017-04-30,10,0.0
2017-05-31,10,0.0
2017-06-30,10,0.0
2017-07-31,10,0.0
2017-08-31,10,0.0
2017-09-30,10,0.0
2017-10-31,10,0.0
2017-11-30,10,0.0
2017-12-31,10,0.0
2018-01-31,10,0.0
2018-02-28,10,0.0
2018-03-31,10,0.0
2018-04-30,10,0.0
2018-05-31,10,0.0
2018-06-30,10,0.0
2018-07-31,10,0.0
2018-08-31,10,0.0
2018-09-30,10,0.0
2018-10-31,10,0.0
2018-11-30,10,0.0
2018-12-31,10,0.0
2019-01-31,10,0.0
2019-02-28,10,0.0
2019-03-31,10,0.0
2019-04-30,10,0.0
2019-05-31,10,0.0
2019-06-30,10,0.0
2019-07-31,10,0.0
2019-08-31,10,0.0
2019-09-30,10,0.0
2019-10-31,10,0.0
2019-11-30,10,0.0
2019-12-31,10,0.0
2020-01-31,10,0.0
2020-02-29,10,0.0
2020-03-31,10,0.0
2020-04-30,10,0.0
2020-05-31,10,0.0
2020-06-30,10,0.0
2020-07-31,10,0.0
2020-08-31,10,0.0
2020-09-30,10,0.0
2020-10-31,10,0.0
2020-11-30,10,0.0
2020-12-31,10,0.0
2021-01-31,10,0.0
2021-02-28,10,0.0
2021-03-31,10,0.0
2021-04-30,10,0.0
2021-05-31,10,0.0
2021-06-30,10,0.0
2021-07-31,10,0.0
2021-08-31,10,0.0
2021-09-30,10,0.0
2021-10-31,10,0.0
2021-11-30,10,0.0
2021-12-31,10,0.0
2022-01-31,10,0.0
2022-02-28,10,0.0
2022-03-31,10,0.0
2022-04-30,10,0.0
2022-05-31,10,0.0
2022-06-30,10,0.0
2022-07-31,10,0.0
2022-08-31,10,0.0
2022-09-30,10,0.0
2022-10-31,10,0.0
2022-11-30,10,0.0
2022-12-31,10,0.0
2023-01-31,10,0.0
2023-02-28,10,0.0
2023-03-31,10,0.0
2023-04-30,10,0.0
2023-05-31,10,0.0
2023-06-30,10,0.0
2023-07-31,10,0.0
2023-08-31,10,0.0
2023-09-30,10,0.0
2023-10-31,10,0.0
2023-11-30,10,0.0
2015-01-31,11,0.0
2015-02-28,11,0.0
2015-03-31,11,0.0
2015-04-30,11,0.0
2015-05-31,11,0.0
2015-06-30,11,0.0
2015-07-31,11,0.0
2015-08-31,11,0.0
2015-09-30,11,0.0
2015-10-31,11,0.0
2015-11-30,11,0.0
2015-12-31,11,0.0
2016-01-31,11,0.0
2016-02-29,11,0.0
2016-03-31,11,0.0
2016-04-30,11,0.0
2016-05-31,11,0.0
2016-06-30,11,0.0
2016-07-31,11,0.0
2016-08-31,11,0.0
2016-09-30,11,0.0
2016-10-31,11,0.0
2016-11-30,11,0.0
2016-12-31,11,0.0
2017-01-31,11,0.0
2017-02-28,11,0.0
2017-03-31,11,0.0
2017-04-30,11,0.0
2017-05-31,11,0.0
2017-06-30,11,0.0
2017-07-31,11,0.0
2017-08-31,11,0.0
2017-09-30,11,0.0
2017-10-31,11,0.0
2017-11-30,11,0.0
2017-12-31,11,0.0
2018-01-31,11,0.0
2018-02-28,11,0.0
2018-03-31,11,0.0
2018-04-30,11,0.0
2018-05-31,11,0.0
2018-06-30,11,0.0
2018-07-31,11,0.0
2018-08-31,11,0.0
2018-09-30,11,0.0
2018-10-31,11,0.0
2018-11-30,11,0.0
2018-12-31,11,0.0
2019-01-31,11,0.0
2019-02-28,11,0.0
2019-03-31,11,0.0
2019-04-30,11,0.0
2019-05-31,11,0.0
2019-06-30,11,0.0
2019-07-31,11,0.0
2019-08-31,11,0.0
2019-09-30,11,0.0
2019-10-31,11,0.0
2019-11-30,11,0.0
2019-12-31,11,0.0
2020-01-31,11,0.0
2020-02-29,11,0.0
2020-03-31,11,0.0
2020-04-30,11,0.0
2020-05-31,11,0.0
2020-06-30,11,0.0
2020-07-31,11,0.0
2020-08-31,11,0.0
2020-09-30,11,0.0
2020-10-31,11,0.0
2020-11-30,11,0.0
2020-12-31,11,0.0
2021-01-31,11,0.0
2021-02-28,11,0.0
2021-03-31,11,0.0
2021-04-30,11,0.0
2021-05-31,11,0.0
2021-06-30,11,0.0
2021-07-31,11,0.0
2021-08-31,11,0.0
2021-09-30,11,0.0
2021-10-31,11,0.0
2021-11-30,11,0.0
2021-12-31,11,0.0
2022-01-31,11,0.0
2022-02-28,11,0.0
2022-03-31,11,0.0
2022-04-30,11,0.0
2022-05-31,11,0.0
2022-06-30,11,0.0
2022-07-31,11,0.0
2022-08-31,11,0.0
2022-09-30,11,0.0
2022-10-31,11,0.0
2022-11-30,11,0.0
2022-12-31,11,0.0
2023-01-31,11,0.0
2023-02-28,11,0.0
2023-03-31,11,0.0
2023-04-30,11,0.0
2023-05-31,11,0.0
2023-06-30,11,0.0
2023-07-31,11,0.0
2023-08-31,11,0.0
2023-09-30,11,0.0
2023-10-31,11,0.0
2023-11-30,11,0.0
2015-01-31,12,0.0
2015-02-28,12,0.0
2015-03-31,12,0.0
2015-04-30,12,0.0
2015-05-31,12,0.0
2015-06-30,12,0.0
2015-07-31,12,0.0
2015-08-31,12,0.0
2015-09-30,12,0.0
2015-10-31,12,0.0
2015-11-30,12,0.0
2015-12-31,12,0.0
2016-01-31,12,0.0
2016-02-29,12,0.0
2016-03-31,12,0.0
2016-04-30,12,0.0
2016-05-31,12,0.0
2016-06-30,12,0.0
2016-07-31,12,0.0
2016-08-31,12,0.0
2016-09-30,12,0.0
2016-10-31,12,0.0
2016-11-30,12,0.0
2016-12-31,12,0.0
2017-01-31,12,0.0
2017-02-28,12,0.0
2017-03-31,12,0.0
2017-04-30,12,0.0
2017-05-31,12,0.0
2017-06-30,12,0.0
2017-07-31,12,0.0
2017-08-31,12,0.0
2017-09-30,12,0.0
2017-10-31,12,0.0
2017-11-30,12,0.0
2017-12-31,12,0.0
2018-01-31,12,0.0
2018-02-28,12,0.0
2018-03-31,12,0.0
2018-04-30,12,0.0
2018-05-31,12,0.0
2018-06-30,12,0.0
2018-07-31,12,0.0
2018-08-31,12,0.0
2018-09-30,12,0.0
2018-10-31,12,0.0
2018-11-30,12,0.0
2018-12-31,12,0.0
2019-01-31,12,0.0
2019-02-28,12,0.0
2019-03-31,12,0.0
2019-04-30,12,0.0
2019-05-31,12,0.0
2019-06-30,12,0.0
2019-07-31,12,0.0
2019-08-31,12,0.0
2019-09-30,12,0.0
2019-10-31,12,0.0
2019-11-30,12,0.0
2019-12-31,12,0.0
2020-01-31,12,0.0
2020-02-29,12,0.0
2020-03-31,12,0.0
2020-04-30,12,0.0
2020-05-31,12,0.0
2020-06-30,12,0.0
2020-07-31,12,0.0
2020-08-31,12,0.0
2020-09-30,12,0.0
2020-10-31,12,0.0
2020-11-30,12,0.0
2020-12-31,12,0.0
2021-01-31,12,0.0
2021-02-28,12,0.0
2021-03-31,12,0.0
2021-04-30,12,0.0
2021-05-31,12,0.0
2021-06-30,12,0.0
2021-07-31,12,0.0
2021-08-31,12,0.0
2021-09-30,12,0.0
2021-10-31,12,0.0
2021-11-30,12,0.0
2021-12-31,12,0.0
2022-01-31,12,0.0
2022-02-28,12,0.0
2022-03-31,12,0.0
2022-04-30,12,0.0
2022-05-31,12,0.0
2022-06-30,12,0.0
2022-07-31,12,0.0
2022-08-31,12,0.0
2022-09-30,12,0.0
2022-10-31,12,0.0
2022-11-30,12,0.0
2022-12-31,12,0.0
2023-01-31,12,0.0
2023-02-28,12,0.0
2023-03-31,12,0.0
2023-04-30,12,0.0
2023-05-31,12,0.0
2023-06-30,12,0.0
2023-07-31,12,0.0
2023-08-31,12,0.0
2023-09-30,12,0.0
2023-10-31,12,0.0
2023-11-30,12,0.0
2015-01-31,13,0.0
2015-02-28,13,0.0
2015-03-31,13,0.0
2015-04-30,13,0.0
2015-05-31,13,0.0
2015-06-30,13,0.0
2015-07-31,13,0.0
2015-08-31,13,0.0
2015-09-30,13,0.0
2015-10-31,13,0.0
2015-11-30,13,0.0
2015-12-31,13,0.0
2016-01-31,13,0.0
2016-02-29,13,0.0
2016-03-31,13,0.0
2016-04-30,13,0.0
2016-05-31,13,0.0
2016-06-30,13,0.0
2016-07-31,13,0.0
2016-08-31,13,0.0
2016-09-30,13,0.0
2016-10-31,13,0.0
2016-11-30,13,0.0
2016-12-31,13,0.0
2017-01-31,13,0.0
2017-02-28,13,0.0
2017-03-31,13,0.0
2017-04-30,13,0.0
2017-05-31,13,0.0
2017-06-30,13,0.0
2017-07-31,13,0.0
2017-08-31,13,0.0
2017-09-30,13,0.0
2017-10-31,13,0.0
2017-11-30,13,0.0
2017-12-31,13,0.0
2018-01-31,13,0.0
2018-02-28,13,0.0
2018-03-31,13,0.0
2018-04-30,13,0.0
2018-05-31,13,0.0
2018-06-30,13,0.0
2018-07-31,13,0.0
2018-08-31,13,0.0
2018-09-30,13,0.0
2018-10-31,13,0.0
2018-11-30,13,0.0
2018-12-31,13,0.0
2019-01-31,13,0.0
2019-02-28,13,0.0
2019-03-31,13,0.0
2019-04-30,13,0.0
2019-05-31,13,0.0
2019-06-30,13,0.0
2019-07-31,13,0.0
2019-08-31,13,0.0
2019-09-30,13,0.0
2019-10-31,13,0.0
2019-11-30,13,0.0
2019-12-31,13,0.0
2020-01-31,13,0.0
2020-02-29,13,0.0
2020-03-31,13,0.0
2020-04-30,13,0.0
2020-05-31,13,0.0
2020-06-30,13,0.0
2020-07-31,13,0.0
2020-08-31,13,0.0
2020-09-30,13,0.0
2020-10-31,13,0.0
2020-11-30,13,0.0
2020-12-31,13,0.0
2021-01-31,13,0.0
2021-02-28,13,0.0
2021-03-31,13,0.0
2021-04-30,13,0.0
2021-05-31,13,0.0
2021-06-30,13,0.0
2021-07-31,13,0.0
2021-08-31,13,0.0
2021-09-30,13,0.0
2021-10-31,13,0.0
2021-11-30,13,0.0
2021-12-31,13,0.0
2022-01-31,13,0.0
2022-02-28,13,0.0
2022-03-31,13,0.0
2022-04-30,13,0.0
2022-05-31,13,0.0
2022-06-30,13,0.0
2022-07-31,13,0.0
2022-08-31,13,0.0
2022-09-30,13,0.0
2022-10-31,13,0.0
2022-11-30,13,0.0
2022-12-31,13,0.0
2023-01-31,13,0.0
2023-02-28,13,0.0
2023-03-31,13,0.0
2023-04-30,13,0.0
2023-05-31,13,0.0
2023-06-30,13,0.0
2023-07-31,13,0.0
2023-08-31,13,0.0
2023-09-30,13,0.0
2023-10-31,13,0.0
2023-11-30,13,0.0
2015-01-31,14,0.0
2015-02-28,14,0.0
2015-03-31,14,0.0
2015-04-30,14,0.0
2015-05-31,14,0.0
2015-06-30,14,0.0
2015-07-31,14,0.0
2015-08-31,14,0.0
2015-09-30,14,0.0
2015-10-31,14,0.0
2015-11-30,14,0.0
2015-12-31,14,0.0
2016-01-31,14,0.0
2016-02-29,14,0.0
2016-03-31,14,0.0
2016-04-30,14,0.0
2016-05-31,14,0.0
2016-06-30,14,0.0
2016-07-31,14,0.0
2016-08-31,14,0.0
2016-09-30,14,0.0
2016-10-31,14,0.0
2016-11-30,14,0.0
2016-12-31,14,0.0
2017-01-31,14,0.0
2017-02-28,14,0.0
2017-03-31,14,0.0
2017-04-30,14,0.0
2017-05-31,14,0.0
2017-06-30,14,0.0
2017-07-31,14,0.0
2017-08-31,14,0.0
2017-09-30,14,0.0
2017-10-31,14,0.0
2017-11-30,14,0.0
2017-12-31,14,0.0
2018-01-31,14,0.0
2018-02-28,14,0.0
2018-03-31,14,0.0
2018-04-30,14,0.0
2018-05-31,14,0.0
2018-06-30,14,0.0
2018-07-31,14,0.0
2018-08-31,14,0.0
2018-09-30,14,0.0
2018-10-31,14,0.0
2018-11-30,14,0.0
2018-12-31,14,0.0
2019-01-31,14,0.0
2019-02-28,14,0.0
2019-03-31,14,0.0
2019-04-30,14,0.0
2019-05-31,14,0.0
2019-06-30,14,0.0
2019-07-31,14,0.0
2019-08-31,14,0.0
2019-09-30,14,0.0
2019-10-31,14,0.0
2019-11-30,14,0.0
2019-12-31,14,0.0
2020-01-31,14,0.0
2020-02-29,14,0.0
2020-03-31,14,0.0
2020-04-30,14,0.0
2020-05-31,14,0.0
2020-06-30,14,0.0
2020-07-31,14,0.0
2020-08-31,14,0.0
2020-09-30,14,0.0
2020-10-31,14,0.0
2020-11-30,14,0.0
2020-12-31,14,0.0
2021-01-31,14,0.0
2021-02-28,14,0.0
2021-03-31,14,0.0
2021-04-30,14,0.0
2021-05-31,14,0.0
2021-06-30,14,0.0
2021-07-31,14,0.0
2021-08-31,14,0.0
2021-09-30,14,0.0
2021-10-31,14,0.0
2021-11-30,14,0.0
2021-12-31,14,0.0
2022-01-31,14,0.0
2022-02-28,14,0.0
2022-03-31,14,0.0
2022-04-30,14,0.0
2022-05-31,14,0.0
2022-06-30,14,0.0
2022-07-31,14,0.0
2022-08-31,14,0.0
2022-09-30,14,0.0
2022-10-31,14,0.0
2022-11-30,14,0.0
2022-12-31,14,0.0
2023-01-31,14,0.0
2023-02-28,14,0.0
2023-03-31,14,0.0
2023-04-30,14,0.0
2023-05-31,14,0.0
2023-06-30,14,0.0
2023-07-31,14,0.0
2023-08-31,14,0.0
2023-09-30,14,0.0
2023-10-31,14,0.0
2023-11-30,14,0.0
2015-01-31,15,0.0
2015-02-28,15,0.0
2015-03-31,15,0.0
2015-04-30,15,0.0
2015-05-31,15,0.0
2015-06-30,15,0.0
2015-07-31,15,0.0
2015-08-31,15,0.0
2015-09-30,15,0.0
2015-10-31,15,0.0
2015-11-30,15,0.0
2015-12-31,15,0.0
2016-01-31,15,0.0
2016-02-29,15,0.0
2016-03-31,15,0.0
2016-04-30,15,0.0
2016-05-31,15,0.0
2016-06-30,15,0.0
2016-07-31,15,0.0
2016-08-31,15,0.0
2016-09-30,15,0.0
2016-10-31,15,0.0
2016-11-30,15,0.0
2016-12-31,15,0.0
2017-01-31,15,0.0
2017-02-28,15,0.0
2017-03-31,15,0.0
2017-04-30,15,0.0
2017-05-31,15,0.0
2017-06-30,15,0.0
2017-07-31,15,0.0
2017-08-31,15,0.0
2017-09-30,15,0.0
2017-10-31,15,0.0
2017-11-30,15,0.0
2017-12-31,15,0.0
2018-01-31,15,0.0
2018-02-28,15,0.0
2018-03-31,15,0.0
2018-04-30,15,0.0
2018-05-31,15,0.0
2018-06-30,15,0.0
2018-07-31,15,0.0
2018-08-31,15,0.0
2018-09-30,15,0.0
2018-10-31,15,0.0
2018-11-30,15,0.0
2018-12-31,15,0.0
2019-01-31,15,0.0
2019-02-28,15,0.0
2019-03-31,15,0.0
2019-04-30,15,0.0
2019-05-31,15,0.0
2019-06-30,15,0.0
2019-07-31,15,0.0
2019-08-31,15,0.0
2019-09-30,15,0.0
2019-10-31,15,0.0
2019-11-30,15,0.0
2019-12-31,15,0.0
2020-01-31,15,0.0
2020-02-29,15,0.0
2020-03-31,15,0.0
2020-04-30,15,0.0
2020-05-31,15,0.0
2020-06-30,15,0.0
2020-07-31,15,0.0
2020-08-31,15,0.0
2020-09-30,15,0.0
2020-10-31,15,0.0
2020-11-30,15,0.0
2020-12-31,15,0.0
2021-01-31,15,0.0
2021-02-28,15,0.0
2021-03-31,15,0.0
2021-04-30,15,0.0
2021-05-31,15,0.0
2021-06-30,15,0.0
2021-07-31,15,0.0
2021-08-31,15,0.0
2021-09-30,15,0.0
2021-10-31,15,0.0
2021-11-30,15,0.0
2021-12-31,15,0.0
2022-01-31,15,0.0
2022-02-28,15,0.0
2022-03-31,15,0.0
2022-04-30,15,0.0
2022-05-31,15,0.0
2022-06-30,15,0.0
2022-07-31,15,0.0
2022-08-31,15,0.0
2022-09-30,15,0.0
2022-10-31,15,0.0
2022-11-30,15,0.0
2022-12-31,15,0.0
2023-01-31,15,0.0
2023-02-28,15,0.0
2023-03-31,15,0.0
2023-04-30,15,0.0
2023-05-31,15,0.0
2023-06-30,15,0.0
2023-07-31,15,0.0
2023-08-31,15,0.0
2023-09-30,15,0.0
2023-10-31,15,0.0
2023-11-30,15,0.0
2015-01-31,16,0.0
2015-02-28,16,0.0
2015-03-31,16,0.0
2015-04-30,16,0.0
2015-05-31,16,0.0
2015-06-30,16,0.0
2015-07-31,16,0.0
2015-08-31,16,4.107779998075962
2015-09-30,16,0.0
2015-10-31,16,2.592484713506699
2015-11-30,16,0.0
2015-12-31,16,4.175040442121029
2016-01-31,16,0.0
2016-02-29,16,0.5543226617351175
2016-03-31,16,0.0
2016-04-30,16,0.0
2016-05-31,16,0.0
2016-06-30,16,0.0
2016-07-31,16,0.0
2016-08-31,16,0.0
2016-09-30,16,0.0
2016-10-31,16,0.0
2016-11-30,16,0.0
2016-12-31,16,0.0
2017-01-31,16,1.1917986463978887
2017-02-28,16,0.0
2017-03-31,16,0.0
2017-04-30,16,0.0
2017-05-31,16,0.0
2017-06-30,16,0.0
2017-07-31,16,0.0
2017-08-31,16,0.0
2017-09-30,16,0.0
2017-10-31,16,0.0
2017-11-30,16,0.0
2017-12-31,16,0.0
2018-01-31,16,0.0
2018-02-28,16,0.0
2018-03-31,16,0.0
2018-04-30,16,0.0
2018-05-31,16,0.0
2018-06-30,16,0.0
2018-07-31,16,0.0
2018-08-31,16,0.0
2018-09-30,16,0.0
2018-10-31,16,0.0
2018-11-30,16,0.0
2018-12-31,16,0.0
2019-01-31,16,0.0
2019-02-28,16,0.0
2019-03-31,16,0.0
2019-04-30,16,0.0
2019-05-31,16,0.0
2019-06-30,16,0.0
2019-07-31,16,0.0
2019-08-31,16,0.0
2019-09-30,16,0.0
2019-10-31,16,0.0
2019-11-30,16,0.0
2019-12-31,16,0.0
2020-01-31,16,0.0
2020-02-29,16,0.0
2020-03-31,16,0.02099928402453661
2020-04-30,16,0.0
2020-05-31,16,0.0
2020-06-30,16,0.0
2020-07-31,16,0.0
2020-08-31,16,0.0
2020-09-30,16,0.0
2020-10-31,16,0.0
2020-11-30,16,0.0
2020-12-31,16,0.0
2021-01-31,16,0.0
2021-02-28,16,0.0
2021-03-31,16,0.0
2021-04-30,16,0.0
2021-05-31,16,0.0
2021-06-30,16,0.0
2021-07-31,16,0.0
2021-08-31,16,0.0
2021-09-30,16,0.0
2021-10-31,16,0.0
2021-11-30,16,0.0
2021-12-31,16,0.0
2022-01-31,16,0.0
2022-02-28,16,0.0
2022-03-31,16,0.0
2022-04-30,16,0.0
2022-05-31,16,0.0
2022-06-30,16,0.0
2022-07-31,16,0.3706098849222064
2022-08-31,16,0.0
2022-09-30,16,0.0
2022-10-31,16,0.0
2022-11-30,16,0.0
2022-12-31,16,0.0
2023-01-31,16,0.0
2023-02-28,16,0.0
2023-03-31,16,0.0
2023-04-30,16,1.2066113760754467
2023-05-31,16,3.229068232870102
2023-06-30,16,0.0
2023-07-31,16,0.0
2023-08-31,16,0.0
2023-09-30,16,0.0
2023-10-31,16,0.0
2023-11-30,16,0.0
2015-01-31,17,0.0
2015-02-28,17,0.0
2015-03-31,17,0.0
2015-04-30,17,0.0
2015-05-31,17,0.0
2015-06-30,17,0.0
2015-07-31,17,0.0
2015-08-31,17,0.0
2015-09-30,17,0.0
2015-10-31,17,0.0
2015-11-30,17,0.0
2015-12-31,17,0.0
2016-01-31,17,0.0
2016-02-29,17,0.0
2016-03-31,17,0.0
2016-04-30,17,0.0
2016-05-31,17,0.0
2016-06-30,17,0.0
2016-07-31,17,0.0
2016-08-31,17,0.0
2016-09-30,17,0.0
2016-10-31,17,0.0
2016-11-30,17,0.0
2016-12-31,17,0.0
2017-01-31,17,0.0
2017-02-28,17,0.0
2017-03-31,17,0.0
2017-04-30,17,0.0
2017-05-31,17,0.0
2017-06-30,17,0.0
2017-07-31,17,0.0
2017-08-31,17,0.0
2017-09-30,17,0.0
2017-10-31,17,0.0
2017-11-30,17,0.0
2017-12-31,17,0.0
2018-01-31,17,0.0
2018-02-28,17,0.0
2018-03-31,17,0.0
2018-04-30,17,0.0
2018-05-31,17,0.0
2018-06-30,17,0.0
2018-07-31,17,0.0
2018-08-31,17,0.0
2018-09-30,17,0.0
2018-10-31,17,0.0
2018-11-30,17,0.0
2018-12-31,17,0.0
2019-01-31,17,0.0
2019-02-28,17,0.0
2019-03-31,17,0.0
2019-04-30,17,0.0
2019-05-31,17,0.0
2019-06-30,17,0.0
2019-07-31,17,0.0
2019-08-31,17,0.0
2019-09-30,17,0.0
2019-10-31,17,0.0
2019-11-30,17,0.0
2019-12-31,17,0.0
2020-01-31,17,0.0
2020-02-29,17,0.0
2020-03-31,17,0.0
2020-04-30,17,0.0
2020-05-31,17,0.0
2020-06-30,17,0.0
2020-07-31,17,0.0
2020-08-31,17,0.0
2020-09-30,17,0.0
2020-10-31,17,0.0
2020-11-30,17,0.0
2020-12-31,17,0.0
2021-01-31,17,0.0
2021-02-28,17,0.0
2021-03-31,17,0.0
2021-04-30,17,0.0
2021-05-31,17,0.0
2021-06-30,17,0.0
2021-07-31,17,0.0
2021-08-31,17,0.0
2021-09-30,17,0.0
2021-10-31,17,0.0
2021-11-30,17,0.23735669504776596
2021-12-31,17,0.0
2022-01-31,17,0.0
2022-02-28,17,0.0
2022-03-31,17,0.0
2022-04-30,17,0.0
2022-05-31,17,0.0
2022-06-30,17,0.0
2022-07-31,17,0.0
2022-08-31,17,0.0
2022-09-30,17,0.0
2022-10-31,17,0.0
2022-11-30,17,0.0
2022-12-31,17,0.0
2023-01-31,17,0.0
2023-02-28,17,0.0
2023-03-31,17,0.0
2023-04-30,17,0.0
2023-05-31,17,0.0
2023-06-30,17,0.0
2023-07-31,17,0.0
2023-08-31,17,0.0
2023-09-30,17,0.0
2023-10-31,17,0.0
2023-11-30,17,0.0
2015-01-31,18,0.0
2015-02-28,18,0.0
2015-03-31,18,0.0
2015-04-30,18,0.0
2015-05-31,18,0.0
2015-06-30,18,0.0
2015-07-31,18,0.0
2015-08-31,18,0.0
2015-09-30,18,0.0
2015-10-31,18,0.0
2015-11-30,18,0.0
2015-12-31,18,0.0
2016-01-31,18,0.0
2016-02-29,18,0.0
2016-03-31,18,0.0
2016-04-30,18,0.0
2016-05-31,18,0.0
2016-06-30,18,0.0
2016-07-31,18,0.0
2016-08-31,18,0.0
2016-09-30,18,0.0
2016-10-31,18,0.0
2016-11-30,18,0.0
2016-12-31,18,0.0
2017-01-31,18,0.0
2017-02-28,18,0.0
2017-03-31,18,0.0
2017-04-30,18,0.0
2017-05-31,18,0.0
2017-06-30,18,0.0
2017-07-31,18,0.0
2017-08-31,18,0.0
2017-09-30,18,0.0
2017-10-31,18,0.0
2017-11-30,18,0.0
2017-12-31,18,0.0
2018-01-31,18,0.0
2018-02-28,18,0.0
2018-03-31,18,0.0
2018-04-30,18,0.0
2018-05-31,18,0.0
2018-06-30,18,0.0
2018-07-31,18,0.0
2018-08-31,18,0.0
2018-09-30,18,0.0
2018-10-31,18,0.0
2018-11-30,18,0.0
2018-12-31,18,0.0
2019-01-31,18,0.0
2019-02-28,18,0.0
2019-03-31,18,0.0
2019-04-30,18,0.0
2019-05-31,18,0.0
2019-06-30,18,0.0
2019-07-31,18,0.0
2019-08-31,18,0.0
2019-09-30,18,0.0
2019-10-31,18,0.0
2019-11-30,18,0.0
2019-12-31,18,0.0
2020-01-31,18,0.0
2020-02-29,18,0.0
2020-03-31,18,0.0
2020-04-30,18,0.0
2020-05-31,18,0.0
2020-06-30,18,0.0
2020-07-31,18,0.0
2020-08-31,18,0.0
2020-09-30,18,0.0
2020-10-31,18,0.0
2020-11-30,18,0.0
2020-12-31,18,0.0
2021-01-31,18,0.0
2021-02-28,18,0.0
2021-03-31,18,0.0
2021-04-30,18,0.0
2021-05-31,18,0.0
2021-06-30,18,0.0
2021-07-31,18,0.0
2021-08-31,18,0.0
2021-09-30,18,0.0
2021-10-31,18,0.0
2021-11-30,18,0.0
2021-12-31,18,0.0
2022-01-31,18,0.0
2022-02-28,18,0.0
2022-03-31,18,2.5580364882230757
2022-04-30,18,0.0
2022-05-31,18,0.0
2022-06-30,18,0.0
2022-07-31,18,0.0
2022-08-31,18,0.0
2022-09-30,18,0.0
2022-10-31,18,0.0
2022-11-30,18,0.0
2022-12-31,18,0.0
2023-01-31,18,0.0
2023-02-28,18,0.0
2023-03-31,18,0.0
2023-04-30,18,0.0
2023-05-31,18,0.0
2023-06-30,18,0.0
2023-07-31,18,0.0
2023-08-31,18,0.0
2023-09-30,18,0.0
2023-10-31,18,0.0
2023-11-30,18,0.0
2015-01-31,19,0.0
2015-02-28,19,0.0
2015-03-31,19,0.0
2015-04-30,19,0.0
2015-05-31,19,0.0
2015-06-30,19,0.0
2015-07-31,19,0.0
2015-08-31,19,0.0
2015-09-30,19,0.0
2015-10-31,19,0.0
2015-11-30,19,0.0
2015-12-31,19,0.0
2016-01-31,19,0.0
2016-02-29,19,0.0
2016-03-31,19,0.0
2016-04-30,19,0.0
2016-05-31,19,0.0
2016-06-30,19,0.0
2016-07-31,19,0.0
2016-08-31,19,0.0
2016-09-30,19,0.0
2016-10-31,19,0.0
2016-11-30,19,0.0
2016-12-31,19,0.0
2017-01-31,19,0.0
2017-02-28,19,0.0
2017-03-31,19,0.0
2017-04-30,19,0.0
2017-05-31,19,0.0
2017-06-30,19,0.0
2017-07-31,19,0.0
2017-08-31,19,0.0
2017-09-30,19,0.0
2017-10-31,19,0.0
2017-11-30,19,0.0
2017-12-31,19,0.0
2018-01-31,19,0.0
2018-02-28,19,0.0
2018-03-31,19,0.0
2018-04-30,19,0.0
2018-05-31,19,0.0
2018-06-30,19,0.0
2018-07-31,19,0.0
2018-08-31,19,0.0
2018-09-30,19,0.0
2018-10-31,19,0.0
2018-11-30,19,0.0
2018-12-31,19,0.0
2019-01-31,19,0.0
2019-02-28,19,0.0
2019-03-31,19,0.0
2019-04-30,19,0.0
2019-05-31,19,0.0
2019-06-30,19,0.0
2019-07-31,19,0.0
2019-08-31,19,0.0
2019-09-30,19,0.0
2019-10-31,19,0.0
2019-11-30,19,0.0
2019-12-31,19,0.0
2020-01-31,19,0.0
2020-02-29,19,0.0
2020-03-31,19,0.0
2020-04-30,19,0.0
2020-05-31,19,0.0
2020-06-30,19,0.0
2020-07-31,19,0.0
2020-08-31,19,0.0
2020-09-30,19,0.0
2020-10-31,19,0.0
2020-11-30,19,0.0
2020-12-31,19,0.0
2021-01-31,19,0.0
2021-02-28,19,0.0
2021-03-31,19,0.0
2021-04-30,19,0.0
2021-05-31,19,0.0
2021-06-30,19,0.0
2021-07-31,19,0.0
2021-08-31,19,0.0
2021-09-30,19,0.0
2021-10-31,19,0.0
2021-11-30,19,0.0
2021-12-31,19,0.0
2022-01-31,19,0.0
2022-02-28,19,0.0
2022-03-31,19,0.0
2022-04-30,19,0.0
2022-05-31,19,0.0
2022-06-30,19,0.0
2022-07-31,19,0.0
2022-08-31,19,0.0
2022-09-30,19,0.0
2022-10-31,19,0.0
2022-11-30,19,0.0
2022-12-31,19,0.0
2023-01-31,19,0.0
2023-02-28,19,0.0
2023-03-31,19,0.0
2023-04-30,19,0.0
2023-05-31,19,0.0
2023-06-30,19,0.0
2023-07-31,19,0.0
2023-08-31,19,0.0
2023-09-30,19,0.0
2023-10-31,19,0.0
2023-11-30,19,0.0
2015-01-31,20,2.314031763044
2015-02-28,20,0.0
2015-03-31,20,0.0
2015-04-30,20,0.4783883794605732
2015-05-31,20,3.9981028114914894
2015-06-30,20,0.03730296313762665
2015-07-31,20,0.0
2015-08-31,20,0.0
2015-09-30,20,0.0
2015-10-31,20,0.0
2015-11-30,20,0.0
2015-12-31,20,0.0
2016-01-31,20,0.0
2016-02-29,20,0.0
2016-03-31,20,0.0
2016-04-30,20,0.0
2016-05-31,20,1.4908224543750286
2016-06-30,20,0.0
2016-07-31,20,0.0
2016-08-31,20,0.0
2016-09-30,20,0.0
2016-10-31,20,0.0
2016-11-30,20,0.0
2016-12-31,20,0.0
2017-01-31,20,2.391827146625519
2017-02-28,20,0.0
2017-03-31,20,0.0
2017-04-30,20,0.0
2017-05-31,20,0.0
2017-06-30,20,0.0
2017-07-31,20,0.0
2017-08-31,20,0.0
2017-09-30,20,0.0
2017-10-31,20,0.0
2017-11-30,20,0.0
2017-12-31,20,0.0
2018-01-31,20,0.0
2018-02-28,20,0.0
2018-03-31,20,0.0
2018-04-30,20,0.0
2018-05-31,20,0.0
2018-06-30,20,0.3574095101773739
2018-07-31,20,1.9745174231529237
2018-08-31,20,1.6047826470404865
2018-09-30,20,0.0
2018-10-31,20,0.0
2018-11-30,20,1.3409382851600646
2018-12-31,20,0.0
2019-01-31,20,0.0
2019-02-28,20,2.651195512649417
2019-03-31,20,0.0
2019-04-30,20,0.0
2019-05-31,20,0.0
2019-06-30,20,0.0
2019-07-31,20,0.0
2019-08-31,20,0.0
2019-09-30,20,0.0
2019-10-31,20,0.0
2019-11-30,20,0.0
2019-12-31,20,0.0
2020-01-31,20,0.0
2020-02-29,20,0.0
2020-03-31,20,0.0
2020-04-30,20,1.0679250204116106
2020-05-31,20,0.0
2020-06-30,20,0.0
2020-07-31,20,0.08676536129415036
2020-08-31,20,0.0
2020-09-30,20,0.0
2020-10-31,20,0.0
2020-11-30,20,0.0
2020-12-31,20,0.0
2021-01-31,20,0.0
2021-02-28,20,0.0
2021-03-31,20,0.6654656173557043
2021-04-30,20,0.0
2021-05-31,20,0.0
2021-06-30,20,0.0
2021-07-31,20,1.5899409599035979
2021-08-31,20,0.0
2021-09-30,20,0.0
2021-10-31,20,0.0
2021-11-30,20,9.231686956501008
2021-12-31,20,0.0
2022-01-31,20,0.0
2022-02-28,20,6.007296522402764
2022-03-31,20,0.0
2022-04-30,20,0.0
2022-05-31,20,0.0
2022-06-30,20,0.8392483237981796
2022-07-31,20,0.0
2022-08-31,20,0.0
2022-09-30,20,0.0
2022-10-31,20,0.0
2022-11-30,20,1.2865961054563522
2022-12-31,20,2.8377682432562112
2023-01-31,20,1.8119536638110876
2023-02-28,20,4.191289713585377
2023-03-31,20,1.6337775172501803
2023-04-30,20,0.0
2023-05-31,20,0.0
2023-06-30,20,0.0
2023-07-31,20,0.0
2023-08-31,20,3.1212838928818702
2023-09-30,20,0.0
2023-10-31,20,0.4372460349217057
2023-11-30,20,0.8302547844260931
2015-01-31,21,0.0
2015-02-28,21,0.0
2015-03-31,21,0.0
2015-04-30,21,0.0
2015-05-31,21,0.0
2015-06-30,21,0.0
2015-07-31,21,0.0
2015-08-31,21,0.0
2015-09-30,21,0.0
2015-10-31,21,0.0
2015-11-30,21,0.0
2015-12-31,21,0.0
2016-01-31,21,0.0
2016-02-29,21,0.0
2016-03-31,21,0.0
2016-04-30,21,0.0
2016-05-31,21,0.0
2016-06-30,21,0.0
2016-07-31,21,0.0
2016-08-31,21,0.0
2016-09-30,21,0.0
2016-10-31,21,0.0
2016-11-30,21,0.0
2016-12-31,21,0.0
2017-01-31,21,0.0
2017-02-28,21,0.0
2017-03-31,21,0.0
2017-04-30,21,0.0
2017-05-31,21,0.0
2017-06-30,21,0.0
2017-07-31,21,0.0
2017-08-31,21,0.0
2017-09-30,21,0.0
2017-10-31,21,0.0
2017-11-30,21,0.0
2017-12-31,21,0.0
2018-01-31,21,0.0
2018-02-28,21,0.0
2018-03-31,21,0.0
2018-04-30,21,0.0
2018-05-31,21,0.0
2018-06-30,21,0.0
2018-07-31,21,0.0
2018-08-31,21,0.0
2018-09-30,21,0.0
2018-10-31,21,0.0
2018-11-30,21,0.0
2018-12-31,21,0.0
2019-01-31,21,0.0
2019-02-28,21,0.0
2019-03-31,21,0.0
2019-04-30,21,0.0
2019-05-31,21,0.0
2019-06-30,21,0.0
2019-07-31,21,0.0
2019-08-31,21,0.0
2019-09-30,21,0.0
2019-10-31,21,0.0
2019-11-30,21,0.0
2019-12-31,21,0.0
2020-01-31,21,0.0
2020-02-29,21,0.0
2020-03-31,21,0.0
2020-04-30,21,0.0
2020-05-31,21,0.0
2020-06-30,21,0.0
2020-07-31,21,0.0
2020-08-31,21,0.0
2020-09-30,21,0.0
2020-10-31,21,22.902350265741347
2020-11-30,21,0.0
2020-12-31,21,0.0
2021-01-31,21,0.0
2021-02-28,21,0.0
2021-03-31,21,0.0
2021-04-30,21,0.0
2021-05-31,21,0.0
2021-06-30,21,0.0
2021-07-31,21,0.0
2021-08-31,21,0.0
2021-09-30,21,0.0
2021-10-31,21,0.0
2021-11-30,21,0.0
2021-12-31,21,0.0
2022-01-31,21,0.0
2022-02-28,21,0.0
2022-03-31,21,0.0
2022-04-30,21,0.0
2022-05-31,21,0.0
2022-06-30,21,0.0
2022-07-31,21,0.0
2022-08-31,21,0.0
2022-09-30,21,0.0
2022-10-31,21,0.0
2022-11-30,21,0.0
2022-12-31,21,0.0
2023-01-31,21,0.0
2023-02-28,21,0.0
2023-03-31,21,0.0
2023-04-30,21,0.0
2023-05-31,21,0.0
2023-06-30,21,0.0
2023-07-31,21,0.0
2023-08-31,21,0.0
2023-09-30,21,0.0
2023-10-31,21,0.0
2023-11-30,21,0.0
2015-01-31,22,0.0
2015-02-28,22,0.0
2015-03-31,22,0.0
2015-04-30,22,0.0
2015-05-31,22,0.0
2015-06-30,22,0.0
2015-07-31,22,0.0
2015-08-31,22,0.0
2015-09-30,22,0.0
2015-10-31,22,0.0
2015-11-30,22,0.0
2015-12-31,22,0.0
2016-01-31,22,0.0
2016-02-29,22,0.0
2016-03-31,22,0.0
2016-04-30,22,0.0
2016-05-31,22,0.0
2016-06-30,22,0.0
2016-07-31,22,0.0
2016-08-31,22,0.0
2016-09-30,22,0.0
2016-10-31,22,0.0
2016-11-30,22,0.0
2016-12-31,22,0.0
2017-01-31,22,0.0
2017-02-28,22,0.0
2017-03-31,22,0.0
2017-04-30,22,0.0
2017-05-31,22,0.0
2017-06-30,22,0.0
2017-07-31,22,0.0
2017-08-31,22,0.0
2017-09-30,22,0.0
2017-10-31,22,0.0
2017-11-30,22,0.0
2017-12-31,22,0.0
2018-01-31,22,0.0
2018-02-28,22,0.0
2018-03-31,22,0.0
2018-04-30,22,0.0
2018-05-31,22,0.0
2018-06-30,22,0.0
2018-07-31,22,0.0
2018-08-31,22,0.0
2018-09-30,22,0.0
2018-10-31,22,0.0
2018-11-30,22,0.0
2018-12-31,22,0.0
2019-01-31,22,0.0
2019-02-28,22,0.0
2019-03-31,22,0.0
2019-04-30,22,0.0
2019-05-31,22,0.0
2019-06-30,22,0.0
2019-07-31,22,0.0
2019-08-31,22,0.0
2019-09-30,22,0.0
2019-10-31,22,0.0
2019-11-30,22,0.0
2019-12-31,22,0.0
2020-01-31,22,0.0
2020-02-29,22,0.0
2020-03-31,22,0.0
2020-04-30,22,0.0
2020-05-31,22,0.0
2020-06-30,22,0.0
2020-07-31,22,0.0
2020-08-31,22,0.0
2020-09-30,22,0.0
2020-10-31,22,0.0
2020-11-30,22,0.0
2020-12-31,22,0.0
2021-01-31,22,0.0
2021-02-28,22,0.0
2021-03-31,22,0.0
2021-04-30,22,0.0
2021-05-31,22,0.0
2021-06-30,22,0.0
2021-07-31,22,0.0
2021-08-31,22,0.0
2021-09-30,22,0.0
2021-10-31,22,0.0
2021-11-30,22,0.0
2021-12-31,22,0.0
2022-01-31,22,0.0
2022-02-28,22,0.0
2022-03-31,22,0.0
2022-04-30,22,0.0
2022-05-31,22,0.0
2022-06-30,22,0.0
2022-07-31,22,0.0
2022-08-31,22,0.0
2022-09-30,22,0.0
2022-10-31,22,0.0
2022-11-30,22,0.0
2022-12-31,22,0.0
2023-01-31,22,0.0
2023-02-28,22,0.0
2023-03-31,22,0.0
2023-04-30,22,0.0
2023-05-31,22,0.0
2023-06-30,22,0.0
2023-07-31,22,0.0
2023-08-31,22,0.0
2023-09-30,22,0.0
2023-10-31,22,0.0
2023-11-30,22,0.0
2015-01-31,23,3.800439194101095
2015-02-28,23,0.0
2015-03-31,23,3.089467738777399
2015-04-30,23,16.341486403656006
2015-05-31,23,13.380695901703834
2015-06-30,23,0.0
2015-07-31,23,0.0
2015-08-31,23,6.794031482934952
2015-09-30,23,0.0
2015-10-31,23,0.5531453881323337
2015-11-30,23,0.0
2015-12-31,23,0.0
2016-01-31,23,4.657306603091955
2016-02-29,23,0.0
2016-03-31,23,0.0
2016-04-30,23,0.0
2016-05-31,23,0.0
2016-06-30,23,0.0
2016-07-31,23,0.0
2016-08-31,23,0.0
2016-09-30,23,8.260464562153816
2016-10-31,23,0.0
2016-11-30,23,0.0
2016-12-31,23,0.0
2017-01-31,23,0.0
2017-02-28,23,0.0
2017-03-31,23,0.0
2017-04-30,23,0.0
2017-05-31,23,9.258664516997337
2017-06-30,23,7.775205171132088
2017-07-31,23,0.0
2017-08-31,23,0.0
2017-09-30,23,0.0
2017-10-31,23,0.0
2017-11-30,23,15.88693702776432
2017-12-31,23,0.0
2018-01-31,23,0.0
2018-02-28,23,0.0
2018-03-31,23,0.0
2018-04-30,23,0.0
2018-05-31,23,0.0
2018-06-30,23,0.0
2018-07-31,23,4.10867678001523
2018-08-31,23,0.0
2018-09-30,23,14.615703843712808
2018-10-31,23,0.0
2018-11-30,23,0.0
2018-12-31,23,0.0
2019-01-31,23,0.0
2019-02-28,23,0.0
2019-03-31,23,2.182609323102236
2019-04-30,23,0.0
2019-05-31,23,0.0
2019-06-30,23,8.383370811152458
2019-07-31,23,0.0
2019-08-31,23,0.0
2019-09-30,23,0.0
2019-10-31,23,0.0
2019-11-30,23,0.0
2019-12-31,23,0.0
2020-01-31,23,0.0
2020-02-29,23,0.0
2020-03-31,23,0.0
2020-04-30,23,0.0
2020-05-31,23,0.0
2020-06-30,23,0.0
2020-07-31,23,0.0
2020-08-31,23,0.0
2020-09-30,23,0.0
2020-10-31,23,9.575869922304154
2020-11-30,23,0.0
2020-12-31,23,0.0
2021-01-31,23,0.0
2021-02-28,23,0.9028788334071637
2021-03-31,23,0.0
2021-04-30,23,0.0
2021-05-31,23,0.0
2021-06-30,23,0.0
2021-07-31,23,0.0
2021-08-31,23,0.0
2021-09-30,23,0.0
2021-10-31,23,0.0
2021-11-30,23,0.0
2021-12-31,23,19.53111925327778
2022-01-31,23,0.0
2022-02-28,23,1.5561317771852017
2022-03-31,23,0.0
2022-04-30,23,0.0
2022-05-31,23,0.0
2022-06-30,23,6.269720889616012
2022-07-31,23,0.0
2022-08-31,23,0.0
2022-09-30,23,0.0
2022-10-31,23,0.0
2022-11-30,23,10.100668295931817
2022-12-31,23,0.0
2023-01-31,23,0.0
2023-02-28,23,0.0
2023-03-31,23,0.0
2023-04-30,23,0.0
2023-05-31,23,0.9287275925695896
2023-06-30,23,0.0
2023-07-31,23,0.0
2023-08-31,23,0.0
2023-09-30,23,0.0
2023-10-31,23,0.0
2023-11-30,23,0.0
2015-01-31,24,0.0
2015-02-28,24,0.0
2015-03-31,24,0.0
2015-04-30,24,7.812542667388916
2015-05-31,24,0.0
2015-06-30,24,0.0
2015-07-31,24,0.0
2015-08-31,24,0.0
2015-09-30,24,0.0
2015-10-31,24,5.089464848381281
2015-11-30,24,0.0
2015-12-31,24,0.0
2016-01-31,24,1.929167164081335
2016-02-29,24,9.14680742726326
2016-03-31,24,0.0
2016-04-30,24,0.0
2016-05-31,24,0.0
2016-06-30,24,0.0
2016-07-31,24,0.0
2016-08-31,24,0.0
2016-09-30,24,0.0
2016-10-31,24,4.103801135247946
2016-11-30,24,4.295587287694216
2016-12-31,24,4.250152494424581
2017-01-31,24,0.0
2017-02-28,24,0.0
2017-03-31,24,0.0
2017-04-30,24,0.8991773146927357
2017-05-31,24,0.0
2017-06-30,24,20.826207628297805
2017-07-31,24,0.6798509996831418
2017-08-31,24,0.0
2017-09-30,24,0.0
2017-10-31,24,0.0
2017-11-30,24,6.8592170620679855
2017-12-31,24,0.0
2018-01-31,24,0.0
2018-02-28,24,0.0
2018-03-31,24,0.0
2018-04-30,24,0.0
2018-05-31,24,0.0
2018-06-30,24,0.0
2018-07-31,24,18.011223150014878
2018-08-31,24,0.0
2018-09-30,24,0.0
2018-10-31,24,0.0
2018-11-30,24,0.0
2018-12-31,24,0.0
2019-01-31,24,4.062594490760565
2019-02-28,24,0.0
2019-03-31,24,5.804018395382166
2019-04-30,24,0.0
2019-05-31,24,0.0
2019-06-30,24,0.0
2019-07-31,24,0.0
2019-08-31,24,0.0
2019-09-30,24,0.0
2019-10-31,24,0.0
2019-11-30,24,0.0
2019-12-31,24,3.0887094490349294
2020-01-31,24,0.0
2020-02-29,24,0.0
2020-03-31,24,0.0
2020-04-30,24,0.0
2020-05-31,24,0.0
2020-06-30,24,0.0
2020-07-31,24,12.237464040613174
2020-08-31,24,0.0
2020-09-30,24,0.0
2020-10-31,24,5.352678441256285
2020-11-30,24,0.0
2020-12-31,24,0.0
2021-01-31,24,0.0
2021-02-28,24,15.291078128099443
2021-03-31,24,1.617863324958086
2021-04-30,24,0.0
2021-05-31,24,0.0
2021-06-30,24,0.0
2021-07-31,24,12.704256846141815
2021-08-31,24,0.0
2021-09-30,24,4.896769323796034
2021-10-31,24,0.0
2021-11-30,24,0.0
2021-12-31,24,7.083319739127159
2022-01-31,24,11.802591348266603
2022-02-28,24,5.891557694238425
2022-03-31,24,0.0
2022-04-30,24,0.0
2022-05-31,24,0.0
2022-06-30,24,0.0
2022-07-31,24,0.0
2022-08-31,24,0.0
2022-09-30,24,0.0
2022-10-31,24,0.0
2022-11-30,24,0.0
2022-12-31,24,0.0
2023-01-31,24,0.0
2023-02-28,24,0.0
2023-03-31,24,0.0
2023-04-30,24,0.0
2023-05-31,24,0.0
2023-06-30,24,0.0
2023-07-31,24,1.011858522927761
2023-08-31,24,0.0
2023-09-30,24,0.0
2023-10-31,24,0.0
2023-11-30,24,0.0
2015-01-31,25,0.0
2015-02-28,25,0.0
2015-03-31,25,0.0
2015-04-30,25,0.0
2015-05-31,25,0.0
2015-06-30,25,0.0
2015-07-31,25,0.0
2015-08-31,25,0.0
2015-09-30,25,0.0
2015-10-31,25,0.0
2015-11-30,25,0.0
2015-12-31,25,0.0
2016-01-31,25,0.0
2016-02-29,25,0.0
2016-03-31,25,0.0
2016-04-30,25,0.0
2016-05-31,25,0.0
2016-06-30,25,0.0
2016-07-31,25,0.0
2016-08-31,25,0.0
2016-09-30,25,0.0
2016-10-31,25,0.0
2016-11-30,25,0.0
2016-12-31,25,0.0
2017-01-31,25,0.0
2017-02-28,25,0.0
2017-03-31,25,0.0
2017-04-30,25,0.0
2017-05-31,25,0.0
2017-06-30,25,0.0
2017-07-31,25,0.0
2017-08-31,25,0.0
2017-09-30,25,0.0
2017-10-31,25,0.0
2017-11-30,25,0.0
2017-12-31,25,0.0
2018-01-31,25,0.0
2018-02-28,25,0.0
2018-03-31,25,0.0
2018-04-30,25,0.0
2018-05-31,25,0.0
2018-06-30,25,0.0
2018-07-31,25,0.0
2018-08-31,25,0.0
2018-09-30,25,0.0
2018-10-31,25,0.0
2018-11-30,25,0.0
2018-12-31,25,0.0
2019-01-31,25,0.0
2019-02-28,25,0.0
2019-03-31,25,0.0
2019-04-30,25,0.0
2019-05-31,25,0.0
2019-06-30,25,0.0
2019-07-31,25,0.0
2019-08-31,25,0.0
2019-09-30,25,0.0
2019-10-31,25,0.0
2019-11-30,25,0.0
2019-12-31,25,0.0
2020-01-31,25,0.0
2020-02-29,25,0.0
2020-03-31,25,0.0
2020-04-30,25,0.0
2020-05-31,25,0.0
2020-06-30,25,0.0
2020-07-31,25,0.0
2020-08-31,25,0.0
2020-09-30,25,0.0
2020-10-31,25,0.0
2020-11-30,25,0.0
2020-12-31,25,0.0
2021-01-31,25,0.0
2021-02-28,25,0.0
2021-03-31,25,0.0
2021-04-30,25,0.0
2021-05-31,25,0.0
2021-06-30,25,0.0
2021-07-31,25,0.0
2021-08-31,25,0.0
2021-09-30,25,0.0
2021-10-31,25,0.0
2021-11-30,25,0.0
2021-12-31,25,0.0
2022-01-31,25,0.0
2022-02-28,25,0.0
2022-03-31,25,0.0
2022-04-30,25,0.0
2022-05-31,25,0.0
2022-06-30,25,0.0
2022-07-31,25,0.0
2022-08-31,25,0.0
2022-09-30,25,0.0
2022-10-31,25,0.0
2022-11-30,25,0.0
2022-12-31,25,0.0
2023-01-31,25,0.0
2023-02-28,25,0.0
2023-03-31,25,0.0
2023-04-30,25,0.0
2023-05-31,25,0.0
2023-06-30,25,0.0
2023-07-31,25,0.0
2023-08-31,25,0.0
2023-09-30,25,0.0
2023-10-31,25,0.0
2023-11-30,25,0.0
2015-01-31,26,0.0
2015-02-28,26,0.0
2015-03-31,26,0.0
2015-04-30,26,0.0
2015-05-31,26,0.0
2015-06-30,26,0.0
2015-07-31,26,0.0
2015-08-31,26,0.0
2015-09-30,26,0.0
2015-10-31,26,0.0
2015-11-30,26,0.0
2015-12-31,26,0.0
2016-01-31,26,0.0
2016-02-29,26,0.0
2016-03-31,26,0.0
2016-04-30,26,0.0
2016-05-31,26,0.0
2016-06-30,26,0.0
2016-07-31,26,0.0
2016-08-31,26,0.0
2016-09-30,26,0.0
2016-10-31,26,0.0
2016-11-30,26,0.0
2016-12-31,26,0.0
2017-01-31,26,0.0
2017-02-28,26,0.0
2017-03-31,26,0.0
2017-04-30,26,0.0
2017-05-31,26,0.0
2017-06-30,26,0.0
2017-07-31,26,0.0
2017-08-31,26,0.0
2017-09-30,26,0.0
2017-10-31,26,0.0
2017-11-30,26,0.0
2017-12-31,26,0.0
2018-01-31,26,0.0
2018-02-28,26,0.0
2018-03-31,26,0.0
2018-04-30,26,0.0
2018-05-31,26,0.0
2018-06-30,26,0.0
2018-07-31,26,0.0
2018-08-31,26,0.0
2018-09-30,26,0.0
2018-10-31,26,0.0
2018-11-30,26,0.0
2018-12-31,26,0.0
2019-01-31,26,0.0
2019-02-28,26,0.0
2019-03-31,26,0.0
2019-04-30,26,0.0
2019-05-31,26,0.0
2019-06-30,26,0.0
2019-07-31,26,0.0
2019-08-31,26,0.0
2019-09-30,26,0.0
2019-10-31,26,0.0
2019-11-30,26,0.0
2019-12-31,26,0.0
2020-01-31,26,0.0
2020-02-29,26,0.0
2020-03-31,26,0.0
2020-04-30,26,0.0
2020-05-31,26,0.0
2020-06-30,26,0.0
2020-07-31,26,0.0
2020-08-31,26,0.0
2020-09-30,26,0.0
2020-10-31,26,0.0
2020-11-30,26,0.0
2020-12-31,26,0.0
2021-01-31,26,0.0
2021-02-28,26,0.0
2021-03-31,26,0.0
2021-04-30,26,0.0
2021-05-31,26,0.0
2021-06-30,26,0.0
2021-07-31,26,0.0
2021-08-31,26,0.0
2021-09-30,26,0.0
2021-10-31,26,0.0
2021-11-30,26,0.0
2021-12-31,26,1.2916607830792666
2022-01-31,26,0.0
2022-02-28,26,0.0
2022-03-31,26,0.0
2022-04-30,26,0.0
2022-05-31,26,0.0
2022-06-30,26,0.0
2022-07-31,26,0.0
2022-08-31,26,0.0
2022-09-30,26,0.0
2022-10-31,26,0.0
2022-11-30,26,0.0
2022-12-31,26,0.0
2023-01-31,26,0.0
2023-02-28,26,0.0
2023-03-31,26,0.0
2023-04-30,26,0.0
2023-05-31,26,0.0
2023-06-30,26,0.0
2023-07-31,26,0.0
2023-08-31,26,0.0
2023-09-30,26,0.0
2023-10-31,26,0.0
2023-11-30,26,0.0
2015-01-31,27,0.0
2015-02-28,27,0.0
2015-03-31,27,0.0
2015-04-30,27,0.0
2015-05-31,27,0.0
2015-06-30,27,0.0
2015-07-31,27,0.0
2015-08-31,27,0.0
2015-09-30,27,0.0
2015-10-31,27,0.0
2015-11-30,27,0.0
2015-12-31,27,0.0
2016-01-31,27,0.0
2016-02-29,27,0.0
2016-03-31,27,0.0
2016-04-30,27,0.0
2016-05-31,27,0.0
2016-06-30,27,0.0
2016-07-31,27,0.0
2016-08-31,27,0.0
2016-09-30,27,0.0
2016-10-31,27,0.0
2016-11-30,27,0.0
2016-12-31,27,0.0
2017-01-31,27,0.0
2017-02-28,27,0.0
2017-03-31,27,0.0
2017-04-30,27,0.0
2017-05-31,27,0.0
2017-06-30,27,0.0
2017-07-31,27,0.0
2017-08-31,27,0.0
2017-09-30,27,0.0
2017-10-31,27,0.0
2017-11-30,27,0.0
2017-12-31,27,0.0
2018-01-31,27,0.0
2018-02-28,27,0.0
2018-03-31,27,0.0
2018-04-30,27,0.0
2018-05-31,27,0.0
2018-06-30,27,0.0
2018-07-31,27,0.0
2018-08-31,27,0.0
2018-09-30,27,0.0
2018-10-31,27,0.0
2018-11-30,27,0.0
2018-12-31,27,0.0
2019-01-31,27,0.0
2019-02-28,27,0.0
2019-03-31,27,0.0
2019-04-30,27,0.0
2019-05-31,27,0.0
2019-06-30,27,0.0
2019-07-31,27,0.0
2019-08-31,27,0.0
2019-09-30,27,0.0
2019-10-31,27,0.0
2019-11-30,27,0.0
2019-12-31,27,0.0
2020-01-31,27,0.0
2020-02-29,27,0.0
2020-03-31,27,0.0
2020-04-30,27,0.0
2020-05-31,27,0.0
2020-06-30,27,0.0
2020-07-31,27,0.0
2020-08-31,27,0.0
2020-09-30,27,0.0
2020-10-31,27,0.0
2020-11-30,27,0.0
2020-12-31,27,0.0
2021-01-31,27,0.0
2021-02-28,27,0.0
2021-03-31,27,0.0
2021-04-30,27,0.0
2021-05-31,27,0.0
2021-06-30,27,0.0
2021-07-31,27,0.0
2021-08-31,27,0.0
2021-09-30,27,0.0
2021-10-31,27,0.0
2021-11-30,27,0.0
2021-12-31,27,0.0
2022-01-31,27,0.0
2022-02-28,27,0.0
2022-03-31,27,0.0
2022-04-30,27,0.0
2022-05-31,27,0.0
2022-06-30,27,0.0
2022-07-31,27,0.0
2022-08-31,27,0.0
2022-09-30,27,0.0
2022-10-31,27,0.0
2022-11-30,27,0.0
2022-12-31,27,0.0
2023-01-31,27,0.0
2023-02-28,27,0.0
2023-03-31,27,0.0
2023-04-30,27,0.0
2023-05-31,27,0.0
2023-06-30,27,0.0
2023-07-31,27,0.0
2023-08-31,27,0.0
2023-09-30,27,0.0
2023-10-31,27,0.0
2023-11-30,27,0.0
2015-01-31,28,0.0
2015-02-28,28,0.0
2015-03-31,28,0.0
2015-04-30,28,0.0
2015-05-31,28,0.0
2015-06-30,28,0.0
2015-07-31,28,0.0
2015-08-31,28,0.0
2015-09-30,28,0.0
2015-10-31,28,0.0
2015-11-30,28,0.0
2015-12-31,28,0.0
2016-01-31,28,0.0
2016-02-29,28,0.0
2016-03-31,28,0.0
2016-04-30,28,0.0
2016-05-31,28,0.0
2016-06-30,28,0.0
2016-07-31,28,0.0
2016-08-31,28,0.0
2016-09-30,28,0.0
2016-10-31,28,0.0
2016-11-30,28,0.0
2016-12-31,28,0.0
2017-01-31,28,0.0
2017-02-28,28,0.0
2017-03-31,28,0.0
2017-04-30,28,0.0
2017-05-31,28,0.0
2017-06-30,28,0.0
2017-07-31,28,0.0
2017-08-31,28,0.0
2017-09-30,28,0.0
2017-10-31,28,0.0
2017-11-30,28,0.0
2017-12-31,28,0.0
2018-01-31,28,0.0
2018-02-28,28,0.0
2018-03-31,28,0.0
2018-04-30,28,0.0
2018-05-31,28,0.0
2018-06-30,28,0.0
2018-07-31,28,0.0
2018-08-31,28,0.0
2018-09-30,28,0.0
2018-10-31,28,0.0
2018-11-30,28,0.0
2018-12-31,28,0.0
2019-01-31,28,0.0
2019-02-28,28,0.0
2019-03-31,28,0.0
2019-04-30,28,0.0
2019-05-31,28,0.0
2019-06-30,28,0.0
2019-07-31,28,0.0
2019-08-31,28,0.0
2019-09-30,28,0.0
2019-10-31,28,0.0
2019-11-30,28,0.0
2019-12-31,28,0.0
2020-01-31,28,0.0
2020-02-29,28,0.0
2020-03-31,28,0.0
2020-04-30,28,0.0
2020-05-31,28,0.0
2020-06-30,28,0.0
2020-07-31,28,0.0
2020-08-31,28,0.0
2020-09-30,28,0.0
2020-10-31,28,0.0
2020-11-30,28,0.0
2020-12-31,28,0.0
2021-01-31,28,0.0
2021-02-28,28,0.0
2021-03-31,28,0.0
2021-04-30,28,0.0
2021-05-31,28,0.0
2021-06-30,28,0.0
2021-07-31,28,0.0
2021-08-31,28,0.0
2021-09-30,28,0.0
2021-10-31,28,0.0
2021-11-30,28,0.0
2021-12-31,28,0.0
2022-01-31,28,0.0
2022-02-28,28,0.0
2022-03-31,28,0.0
2022-04-30,28,0.0
2022-05-31,28,0.0
2022-06-30,28,0.0
2022-07-31,28,0.0
2022-08-31,28,0.0
2022-09-30,28,0.0
2022-10-31,28,0.0
2022-11-30,28,0.0
2022-12-31,28,0.0
2023-01-31,28,0.0
2023-02-28,28,0.0
2023-03-31,28,0.0
2023-04-30,28,0.0
2023-05-31,28,0.0
2023-06-30,28,0.0
2023-07-31,28,0.0
2023-08-31,28,0.0
2023-09-30,28,0.0
2023-10-31,28,0.0
2023-11-30,28,0.0
2015-01-31,29,0.0
2015-02-28,29,0.0
2015-03-31,29,0.0
2015-04-30,29,0.0
2015-05-31,29,0.0
2015-06-30,29,0.0
2015-07-31,29,0.0
2015-08-31,29,0.0
2015-09-30,29,0.0
2015-10-31,29,0.0
2015-11-30,29,0.0
2015-12-31,29,0.0
2016-01-31,29,0.0
2016-02-29,29,0.0
2016-03-31,29,0.0
2016-04-30,29,0.0
2016-05-31,29,0.0
2016-06-30,29,0.0
2016-07-31,29,0.0
2016-08-31,29,0.0
2016-09-30,29,0.0
2016-10-31,29,0.0
2016-11-30,29,0.0
2016-12-31,29,0.0
2017-01-31,29,0.0
2017-02-28,29,0.0
2017-03-31,29,0.0
2017-04-30,29,0.0
2017-05-31,29,0.0
2017-06-30,29,0.0
2017-07-31,29,0.0
2017-08-31,29,0.0
2017-09-30,29,0.0
2017-10-31,29,0.0
2017-11-30,29,0.0
2017-12-31,29,0.0
2018-01-31,29,0.0
2018-02-28,29,0.0
2018-03-31,29,0.0
2018-04-30,29,0.0
2018-05-31,29,0.0
2018-06-30,29,0.0
2018-07-31,29,0.0
2018-08-31,29,0.0
2018-09-30,29,0.0
2018-10-31,29,0.0
2018-11-30,29,0.0
2018-12-31,29,0.0
2019-01-31,29,0.0
2019-02-28,29,0.0
2019-03-31,29,0.0
2019-04-30,29,0.0
2019-05-31,29,0.0
2019-06-30,29,0.0
2019-07-31,29,0.0
2019-08-31,29,0.0
2019-09-30,29,0.0
2019-10-31,29,0.0
2019-11-30,29,0.0
2019-12-31,29,0.0
2020-01-31,29,0.0
2020-02-29,29,0.0
2020-03-31,29,0.0
2020-04-30,29,0.0
2020-05-31,29,0.0
2020-06-30,29,0.0
2020-07-31,29,0.0
2020-08-31,29,0.0
2020-09-30,29,0.0
2020-10-31,29,0.0
2020-11-30,29,0.0
2020-12-31,29,0.0
2021-01-31,29,0.0
2021-02-28,29,0.0
2021-03-31,29,0.0
2021-04-30,29,0.0
2021-05-31,29,0.0
2021-06-30,29,0.0
2021-07-31,29,0.0
2021-08-31,29,0.0
2021-09-30,29,0.0
2021-10-31,29,0.0
2021-11-30,29,0.0
2021-12-31,29,0.0
2022-01-31,29,0.0
2022-02-28,29,0.0
2022-03-31,29,0.0
2022-04-30,29,0.0
2022-05-31,29,0.0
2022-06-30,29,0.0
2022-07-31,29,0.0
2022-08-31,29,0.0
2022-09-30,29,0.0
2022-10-31,29,0.0
2022-11-30,29,0.0
2022-12-31,29,0.0
2023-01-31,29,0.0
2023-02-28,29,0.0
2023-03-31,29,0.0
2023-04-30,29,0.0
2023-05-31,29,0.0
2023-06-30,29,0.0
2023-07-31,29,0.0
2023-08-31,29,0.0
2023-09-30,29,0.0
2023-10-31,29,0.0
2023-11-30,29,0.0
2015-01-31,30,0.0
2015-02-28,30,0.0
2015-03-31,30,0.0
2015-04-30,30,0.0
2015-05-31,30,0.0
2015-06-30,30,0.0
2015-07-31,30,0.0
2015-08-31,30,0.0
2015-09-30,30,0.0
2015-10-31,30,0.0
2015-11-30,30,0.0
2015-12-31,30,0.0
2016-01-31,30,0.0
2016-02-29,30,0.0
2016-03-31,30,0.0
2016-04-30,30,0.0
2016-05-31,30,0.0
2016-06-30,30,0.0
2016-07-31,30,0.0
2016-08-31,30,0.0
2016-09-30,30,0.0
2016-10-31,30,0.0
2016-11-30,30,0.0
2016-12-31,30,0.0
2017-01-31,30,0.0
2017-02-28,30,0.0
2017-03-31,30,0.0
2017-04-30,30,0.0
2017-05-31,30,0.0
2017-06-30,30,0.0
2017-07-31,30,0.0
2017-08-31,30,0.0
2017-09-30,30,0.0
2017-10-31,30,0.0
2017-11-30,30,0.0
2017-12-31,30,0.0
2018-01-31,30,0.0
2018-02-28,30,0.0
2018-03-31,30,0.0
2018-04-30,30,0.0
2018-05-31,30,0.0
2018-06-30,30,0.0
2018-07-31,30,0.0
2018-08-31,30,0.0
2018-09-30,30,0.0
2018-10-31,30,0.0
2018-11-30,30,0.0
2018-12-31,30,0.0
2019-01-31,30,0.0
2019-02-28,30,0.0
2019-03-31,30,0.0
2019-04-30,30,0.0
2019-05-31,30,0.0
2019-06-30,30,0.0
2019-07-31,30,0.0
2019-08-31,30,0.0
2019-09-30,30,0.0
2019-10-31,30,0.0
2019-11-30,30,0.0
2019-12-31,30,0.0
2020-01-31,30,0.0
2020-02-29,30,0.0
2020-03-31,30,0.0
2020-04-30,30,0.0
2020-05-31,30,0.0
2020-06-30,30,0.0
2020-07-31,30,0.0
2020-08-31,30,0.0
2020-09-30,30,0.0
2020-10-31,30,0.0
2020-11-30,30,0.0
2020-12-31,30,0.0
2021-01-31,30,0.0
2021-02-28,30,0.0
2021-03-31,30,0.0
2021-04-30,30,0.0
2021-05-31,30,0.0
2021-06-30,30,0.0
2021-07-31,30,0.0
2021-08-31,30,1.2457896494597196
2021-09-30,30,0.0
2021-10-31,30,0.0
2021-11-30,30,0.0
2021-12-31,30,0.0
2022-01-31,30,0.0
2022-02-28,30,0.0
2022-03-31,30,0.0
2022-04-30,30,0.0
2022-05-31,30,0.0
2022-06-30,30,0.0
2022-07-31,30,0.0
2022-08-31,30,0.0
2022-09-30,30,0.0
2022-10-31,30,0.0
2022-11-30,30,0.0
2022-12-31,30,0.0
2023-01-31,30,0.0
2023-02-28,30,0.0
2023-03-31,30,0.0
2023-04-30,30,0.0
2023-05-31,30,0.0
2023-06-30,30,0.0
2023-07-31,30,0.0
2023-08-31,30,0.0
2023-09-30,30,0.0
2023-10-31,30,0.0
2023-11-30,30,0.0
2015-01-31,31,0.0
2015-02-28,31,0.0
2015-03-31,31,0.0
2015-04-30,31,0.0
2015-05-31,31,0.0
2015-06-30,31,0.0
2015-07-31,31,0.0
2015-08-31,31,0.0
2015-09-30,31,0.0
2015-10-31,31,0.0
2015-11-30,31,0.0
2015-12-31,31,0.0
2016-01-31,31,0.0
2016-02-29,31,0.0
2016-03-31,31,0.0
2016-04-30,31,0.0
2016-05-31,31,0.0
2016-06-30,31,0.0
2016-07-31,31,0.0
2016-08-31,31,0.0
2016-09-30,31,0.0
2016-10-31,31,0.0
2016-11-30,31,0.0
2016-12-31,31,0.0
2017-01-31,31,0.0
2017-02-28,31,0.0
2017-03-31,31,0.0
2017-04-30,31,0.0
2017-05-31,31,0.0
2017-06-30,31,0.0
2017-07-31,31,0.0
2017-08-31,31,0.0
2017-09-30,31,0.0
2017-10-31,31,0.0
2017-11-30,31,0.0
2017-12-31,31,0.0
2018-01-31,31,0.0
2018-02-28,31,0.0
2018-03-31,31,0.3034313671052456
2018-04-30,31,0.0
2018-05-31,31,0.0
2018-06-30,31,0.0
2018-07-31,31,0.0
2018-08-31,31,0.0
2018-09-30,31,0.0
2018-10-31,31,0.0
2018-11-30,31,0.0
2018-12-31,31,0.0
2019-01-31,31,0.0
2019-02-28,31,0.0
2019-03-31,31,0.0
2019-04-30,31,0.0
2019-05-31,31,0.0
2019-06-30,31,0.0
2019-07-31,31,0.0
2019-08-31,31,0.0
2019-09-30,31,0.0
2019-10-31,31,0.0
2019-11-30,31,0.0
2019-12-31,31,0.0
2020-01-31,31,0.0
2020-02-29,31,0.0
2020-03-31,31,0.0
2020-04-30,31,0.0
2020-05-31,31,0.0
2020-06-30,31,0.0
2020-07-31,31,0.0
2020-08-31,31,0.0
2020-09-30,31,0.0
2020-10-31,31,0.0
2020-11-30,31,0.40481305096149445
2020-12-31,31,0.0
2021-01-31,31,0.0
2021-02-28,31,0.0
2021-03-31,31,0.0
2021-04-30,31,0.0
2021-05-31,31,0.0
2021-06-30,31,0.0
2021-07-31,31,0.0
2021-08-31,31,0.0
2021-09-30,31,0.0
2021-10-31,31,0.0
2021-11-30,31,0.0
2021-12-31,31,0.0
2022-01-31,31,0.0
2022-02-28,31,0.0
2022-03-31,31,0.0
2022-04-30,31,0.0
2022-05-31,31,0.0
2022-06-30,31,0.0
2022-07-31,31,0.0
2022-08-31,31,0.0
2022-09-30,31,0.0
2022-10-31,31,0.0
2022-11-30,31,0.0
2022-12-31,31,0.0
2023-01-31,31,0.0
2023-02-28,31,0.0
2023-03-31,31,0.0
2023-04-30,31,0.0
2023-05-31,31,0.0
2023-06-30,31,0.0
2023-07-31,31,0.0
2023-08-31,31,0.0
2023-09-30,31,0.0
2023-10-31,31,0.0
2023-11-30,31,0.0
2015-01-31,32,0.0
2015-02-28,32,0.0
2015-03-31,32,0.0
2015-04-30,32,0.0
2015-05-31,32,0.0
2015-06-30,32,0.0
2015-07-31,32,0.0
2015-08-31,32,0.0
2015-09-30,32,0.0
2015-10-31,32,0.0
2015-11-30,32,0.0
2015-12-31,32,0.0
2016-01-31,32,0.0
2016-02-29,32,0.0
2016-03-31,32,0.0
2016-04-30,32,0.0
2016-05-31,32,0.0
2016-06-30,32,0.0
2016-07-31,32,0.0
2016-08-31,32,0.0
2016-09-30,32,0.0
2016-10-31,32,0.0
2016-11-30,32,0.0
2016-12-31,32,0.0
2017-01-31,32,0.0
2017-02-28,32,0.0
2017-03-31,32,0.0
2017-04-30,32,0.0
2017-05-31,32,0.0
2017-06-30,32,0.0
2017-07-31,32,0.0
2017-08-31,32,0.0
2017-09-30,32,0.0
2017-10-31,32,0.0
2017-11-30,32,0.0
2017-12-31,32,0.0
2018-01-31,32,0.0
2018-02-28,32,1.1426372439444066
2018-03-31,32,0.0
2018-04-30,32,0.9731209964632989
2018-05-31,32,0.0
2018-06-30,32,0.0
2018-07-31,32,0.0
2018-08-31,32,0.0
2018-09-30,32,0.0
2018-10-31,32,0.0
2018-11-30,32,0.0
2018-12-31,32,0.0
2019-01-31,32,0.0
2019-02-28,32,0.0
2019-03-31,32,0.0
2019-04-30,32,0.0
2019-05-31,32,0.0
2019-06-30,32,0.0
2019-07-31,32,0.0
2019-08-31,32,0.0
2019-09-30,32,0.0
2019-10-31,32,0.0
2019-11-30,32,0.0
2019-12-31,32,0.0
2020-01-31,32,0.0
2020-02-29,32,0.0
2020-03-31,32,0.0
2020-04-30,32,0.0
2020-05-31,32,0.0
2020-06-30,32,0.0
2020-07-31,32,0.0
2020-08-31,32,0.0
2020-09-30,32,0.0
2020-10-31,32,0.0
2020-11-30,32,0.0
2020-12-31,32,0.0
2021-01-31,32,0.0
2021-02-28,32,0.0
2021-03-31,32,0.0
2021-04-30,32,0.0
2021-05-31,32,0.0
2021-06-30,32,0.0
2021-07-31,32,0.0
2021-08-31,32,0.0
2021-09-30,32,0.0
2021-10-31,32,0.0
2021-11-30,32,2.3706590639948844
2021-12-31,32,0.0
2022-01-31,32,0.0
2022-02-28,32,0.0
2022-03-31,32,0.0
2022-04-30,32,0.0
2022-05-31,32,0.0
2022-06-30,32,0.0
2022-07-31,32,0.0
2022-08-31,32,0.0
2022-09-30,32,0.0
2022-10-31,32,0.0
2022-11-30,32,1.7316330458879472
2022-12-31,32,0.0
2023-01-31,32,0.0
2023-02-28,32,0.0
2023-03-31,32,0.0
2023-04-30,32,0.0
2023-05-31,32,0.0
2023-06-30,32,0.0
2023-07-31,32,0.0
2023-08-31,32,0.0
2023-09-30,32,0.0
2023-10-31,32,0.0
2023-11-30,32,0.0
2015-01-31,33,0.0
2015-02-28,33,0.0
2015-03-31,33,0.0
2015-04-30,33,0.0
2015-05-31,33,0.0
2015-06-30,33,0.0
2015-07-31,33,0.0
2015-08-31,33,0.0
2015-09-30,33,0.0
2015-10-31,33,0.0
2015-11-30,33,0.0
2015-12-31,33,0.0
2016-01-31,33,0.0
2016-02-29,33,0.0
2016-03-31,33,0.0
2016-04-30,33,0.0
2016-05-31,33,0.0
2016-06-30,33,0.0
2016-07-31,33,0.0
2016-08-31,33,0.0
2016-09-30,33,0.0
2016-10-31,33,0.0
2016-11-30,33,0.0
2016-12-31,33,0.0
2017-01-31,33,0.0
2017-02-28,33,0.0
2017-03-31,33,0.0
2017-04-30,33,0.0
2017-05-31,33,0.0
2017-06-30,33,0.0
2017-07-31,33,0.0
2017-08-31,33,0.0
2017-09-30,33,0.0
2017-10-31,33,0.0
2017-11-30,33,0.0
2017-12-31,33,0.0
2018-01-31,33,0.0
2018-02-28,33,0.0
2018-03-31,33,0.0
2018-04-30,33,0.0
2018-05-31,33,0.0
2018-06-30,33,0.0
2018-07-31,33,0.0
2018-08-31,33,0.0
2018-09-30,33,0.0
2018-10-31,33,0.0
2018-11-30,33,0.0
2018-12-31,33,0.0
2019-01-31,33,0.0
2019-02-28,33,0.0
2019-03-31,33,0.0
2019-04-30,33,0.0
2019-05-31,33,0.0
2019-06-30,33,0.0
2019-07-31,33,0.0
2019-08-31,33,0.0
2019-09-30,33,0.0
2019-10-31,33,0.0
2019-11-30,33,0.0
2019-12-31,33,0.0
2020-01-31,33,0.0
2020-02-29,33,0.0
2020-03-31,33,0.0
2020-04-30,33,0.0
2020-05-31,33,0.0
2020-06-30,33,0.0
2020-07-31,33,0.0
2020-08-31,33,0.0
2020-09-30,33,0.0
2020-10-31,33,0.0
2020-11-30,33,0.0
2020-12-31,33,0.0
2021-01-31,33,0.0
2021-02-28,33,0.0
2021-03-31,33,0.0
2021-04-30,33,0.0
2021-05-31,33,0.0
2021-06-30,33,0.0
2021-07-31,33,0.0
2021-08-31,33,0.0
2021-09-30,33,0.0
2021-10-31,33,0.0
2021-11-30,33,0.0
2021-12-31,33,0.0
2022-01-31,33,0.0
2022-02-28,33,0.0
2022-03-31,33,0.0
2022-04-30,33,0.7161642382286489
2022-05-31,33,0.0
2022-06-30,33,0.0
2022-07-31,33,0.0
2022-08-31,33,0.0
2022-09-30,33,0.0
2022-10-31,33,0.0
2022-11-30,33,0.0
2022-12-31,33,0.0
2023-01-31,33,0.0
2023-02-28,33,0.048804560221731665
2023-03-31,33,0.0
2023-04-30,33,0.0
2023-05-31,33,0.0
2023-06-30,33,0.0
2023-07-31,33,0.0
2023-08-31,33,0.0
2023-09-30,33,0.0
2023-10-31,33,0.0
2023-11-30,33,0.0
2015-01-31,34,0.0
2015-02-28,34,0.0
2015-03-31,34,0.0
2015-04-30,34,0.0
2015-05-31,34,0.0
2015-06-30,34,0.0
2015-07-31,34,0.0
2015-08-31,34,0.0
2015-09-30,34,0.0
2015-10-31,34,0.0
2015-11-30,34,0.0
2015-12-31,34,0.0
2016-01-31,34,0.0
2016-02-29,34,0.0
2016-03-31,34,0.0
2016-04-30,34,0.0
2016-05-31,34,0.0
2016-06-30,34,0.0
2016-07-31,34,0.0
2016-08-31,34,0.0
2016-09-30,34,0.0
2016-10-31,34,0.0
2016-11-30,34,0.0
2016-12-31,34,0.0
2017-01-31,34,0.0
2017-02-28,34,0.0
2017-03-31,34,0.0
2017-04-30,34,0.0
2017-05-31,34,0.0
2017-06-30,34,0.0
2017-07-31,34,0.0
2017-08-31,34,0.0
2017-09-30,34,0.0
2017-10-31,34,0.0
2017-11-30,34,0.0
2017-12-31,34,0.0
2018-01-31,34,0.0
2018-02-28,34,0.0
2018-03-31,34,0.0
2018-04-30,34,0.0
2018-05-31,34,0.0
2018-06-30,34,0.0
2018-07-31,34,0.0
2018-08-31,34,0.0
2018-09-30,34,0.0
2018-10-31,34,0.0
2018-11-30,34,0.0
2018-12-31,34,0.0
2019-01-31,34,0.0
2019-02-28,34,0.0
2019-03-31,34,0.0
2019-04-30,34,0.0
2019-05-31,34,0.0
2019-06-30,34,0.0
2019-07-31,34,0.0
2019-08-31,34,0.0
2019-09-30,34,0.0
2019-10-31,34,0.0
2019-11-30,34,0.0
2019-12-31,34,0.0
2020-01-31,34,0.0
2020-02-29,34,0.0
2020-03-31,34,0.0
2020-04-30,34,0.0
2020-05-31,34,0.0
2020-06-30,34,0.0
2020-07-31,34,0.0
2020-08-31,34,0.0
2020-09-30,34,0.0
2020-10-31,34,0.0
2020-11-30,34,0.0
2020-12-31,34,0.0
2021-01-31,34,0.0
2021-02-28,34,0.0
2021-03-31,34,0.0
2021-04-30,34,0.0
2021-05-31,34,0.0
2021-06-30,34,0.0
2021-07-31,34,0.0
2021-08-31,34,0.0
2021-09-30,34,0.0
2021-10-31,34,0.0
2021-11-30,34,0.0
2021-12-31,34,0.0
2022-01-31,34,0.0
2022-02-28,34,0.0
2022-03-31,34,0.0
2022-04-30,34,0.0
2022-05-31,34,0.0
2022-06-30,34,0.0
2022-07-31,34,0.0
2022-08-31,34,0.6975231435745954
2022-09-30,34,0.0
2022-10-31,34,0.0
2022-11-30,34,0.0
2022-12-31,34,0.0
2023-01-31,34,0.0
2023-02-28,34,0.0
2023-03-31,34,0.0
2023-04-30,34,0.0
2023-05-31,34,0.0
2023-06-30,34,0.0
2023-07-31,34,0.0
2023-08-31,34,0.0
2023-09-30,34,0.0
2023-10-31,34,0.0
2023-11-30,34,0.0
2015-01-31,35,0.0
2015-02-28,35,0.0
2015-03-31,35,0.0
2015-04-30,35,0.0
2015-05-31,35,0.0
2015-06-30,35,0.0
2015-07-31,35,0.0
2015-08-31,35,0.0
2015-09-30,35,0.0
2015-10-31,35,0.0
2015-11-30,35,0.0
2015-12-31,35,0.0
2016-01-31,35,0.0
2016-02-29,35,0.0
2016-03-31,35,0.0
2016-04-30,35,0.0
2016-05-31,35,0.0
2016-06-30,35,0.0
2016-07-31,35,0.0
2016-08-31,35,0.0
2016-09-30,35,0.0
2016-10-31,35,0.0
2016-11-30,35,0.0
2016-12-31,35,0.0
2017-01-31,35,0.0
2017-02-28,35,0.0
2017-03-31,35,0.0
2017-04-30,35,0.0
2017-05-31,35,0.0
2017-06-30,35,0.0
2017-07-31,35,0.0
2017-08-31,35,0.0
2017-09-30,35,0.0
2017-10-31,35,0.0
2017-11-30,35,0.0
2017-12-31,35,0.0
2018-01-31,35,0.0
2018-02-28,35,0.0
2018-03-31,35,0.0
2018-04-30,35,0.0
2018-05-31,35,0.0
2018-06-30,35,0.0
2018-07-31,35,0.0
2018-08-31,35,0.0
2018-09-30,35,0.0
2018-10-31,35,0.0
2018-11-30,35,0.0
2018-12-31,35,0.0
2019-01-31,35,0.0
2019-02-28,35,0.0
2019-03-31,35,0.0
2019-04-30,35,0.0
2019-05-31,35,0.0
2019-06-30,35,0.0
2019-07-31,35,0.0
2019-08-31,35,0.0
2019-09-30,35,0.0
2019-10-31,35,0.0
2019-11-30,35,0.0
2019-12-31,35,0.0
2020-01-31,35,0.0
2020-02-29,35,0.0
2020-03-31,35,0.0
2020-04-30,35,0.0
2020-05-31,35,0.0
2020-06-30,35,0.0
2020-07-31,35,0.0
2020-08-31,35,0.0
2020-09-30,35,0.0
2020-10-31,35,0.0
2020-11-30,35,0.0
2020-12-31,35,0.0
2021-01-31,35,0.0
2021-02-28,35,0.0
2021-03-31,35,0.0
2021-04-30,35,0.0
2021-05-31,35,0.0
2021-06-30,35,0.0
2021-07-31,35,0.0
2021-08-31,35,0.0
2021-09-30,35,0.0
2021-10-31,35,0.0
2021-11-30,35,0.0
2021-12-31,35,0.0
2022-01-31,35,0.0
2022-02-28,35,0.0
2022-03-31,35,0.0
2022-04-30,35,0.0
2022-05-31,35,0.0
2022-06-30,35,0.0
2022-07-31,35,0.0
2022-08-31,35,0.0
2022-09-30,35,0.0
2022-10-31,35,0.0
2022-11-30,35,0.0
2022-12-31,35,0.0
2023-01-31,35,0.0
2023-02-28,35,0.0
2023-03-31,35,0.0
2023-04-30,35,0.0
2023-05-31,35,0.0
2023-06-30,35,0.0
2023-07-31,35,0.0
2023-08-31,35,0.0
2023-09-30,35,0.0
2023-10-31,35,0.0
2023-11-30,35,0.0
2015-01-31,36,0.0
2015-02-28,36,0.0
2015-03-31,36,0.0
2015-04-30,36,0.0
2015-05-31,36,0.0
2015-06-30,36,0.0
2015-07-31,36,0.0
2015-08-31,36,0.0
2015-09-30,36,1.5050892190352083
2015-10-31,36,0.0
2015-11-30,36,0.0
2015-12-31,36,0.0
2016-01-31,36,0.0
2016-02-29,36,0.0
2016-03-31,36,0.0
2016-04-30,36,0.0
2016-05-31,36,0.0
2016-06-30,36,0.0
2016-07-31,36,0.0
2016-08-31,36,0.0
2016-09-30,36,0.0
2016-10-31,36,0.0
2016-11-30,36,0.0
2016-12-31,36,0.0
2017-01-31,36,0.0
2017-02-28,36,0.0
2017-03-31,36,0.0
2017-04-30,36,1.1623210319593549
2017-05-31,36,0.0
2017-06-30,36,0.0
2017-07-31,36,0.0
2017-08-31,36,0.0
2017-09-30,36,0.0
2017-10-31,36,0.0
2017-11-30,36,0.0
2017-12-31,36,0.0
2018-01-31,36,0.0
2018-02-28,36,0.0
2018-03-31,36,0.0
2018-04-30,36,0.0
2018-05-31,36,0.0
2018-06-30,36,1.2685884327426553
2018-07-31,36,0.0
2018-08-31,36,0.0
2018-09-30,36,0.0
2018-10-31,36,0.0
2018-11-30,36,0.0
2018-12-31,36,0.0
2019-01-31,36,0.0
2019-02-28,36,0.0
2019-03-31,36,0.0
2019-04-30,36,0.0
2019-05-31,36,0.0
2019-06-30,36,0.0
2019-07-31,36,0.0
2019-08-31,36,0.0
2019-09-30,36,0.0
2019-10-31,36,0.0
2019-11-30,36,0.0
2019-12-31,36,0.0
2020-01-31,36,0.0
2020-02-29,36,0.0
2020-03-31,36,0.0
2020-04-30,36,0.0
2020-05-31,36,0.0
2020-06-30,36,0.0
2020-07-31,36,0.0
2020-08-31,36,0.0
2020-09-30,36,0.0
2020-10-31,36,0.0
2020-11-30,36,0.0
2020-12-31,36,0.0
2021-01-31,36,0.0
2021-02-28,36,0.0
2021-03-31,36,0.0
2021-04-30,36,0.0
2021-05-31,36,0.0
2021-06-30,36,0.0
2021-07-31,36,0.0
2021-08-31,36,1.731853913962841
2021-09-30,36,0.0
2021-10-31,36,0.20781158814579248
2021-11-30,36,0.0
2021-12-31,36,2.9296660893917084
2022-01-31,36,9.073920962548256
2022-02-28,36,0.0
2022-03-31,36,0.0
2022-04-30,36,0.0
2022-05-31,36,0.0
2022-06-30,36,0.0
2022-07-31,36,0.0
2022-08-31,36,0.0
2022-09-30,36,0.5705001690611243
2022-10-31,36,0.0
2022-11-30,36,0.0
2022-12-31,36,0.0
2023-01-31,36,0.0
2023-02-28,36,0.0
2023-03-31,36,0.0
2023-04-30,36,0.0
2023-05-31,36,1.365467501462996
2023-06-30,36,0.0
2023-07-31,36,0.0
2023-08-31,36,0.0
2023-09-30,36,1.7597649478375912
2023-10-31,36,0.0
2023-11-30,36,4.691790080934763
2015-01-31,37,0.0
2015-02-28,37,0.0
2015-03-31,37,0.0
2015-04-30,37,0.0
2015-05-31,37,0.0
2015-06-30,37,0.0
2015-07-31,37,0.0
2015-08-31,37,0.0
2015-09-30,37,0.0
2015-10-31,37,0.0
2015-11-30,37,0.0
2015-12-31,37,0.0
2016-01-31,37,0.0
2016-02-29,37,0.0
2016-03-31,37,0.0
2016-04-30,37,0.0
2016-05-31,37,0.0
2016-06-30,37,0.0
2016-07-31,37,0.0
2016-08-31,37,0.0
2016-09-30,37,0.0
2016-10-31,37,0.0
2016-11-30,37,0.0
2016-12-31,37,0.0
2017-01-31,37,0.0
2017-02-28,37,0.0
2017-03-31,37,0.0
2017-04-30,37,0.0
2017-05-31,37,0.0
2017-06-30,37,0.0
2017-07-31,37,0.0
2017-08-31,37,0.0
2017-09-30,37,0.0
2017-10-31,37,0.0
2017-11-30,37,0.0
2017-12-31,37,0.0
2018-01-31,37,0.0
2018-02-28,37,0.0
2018-03-31,37,0.0
2018-04-30,37,0.0
2018-05-31,37,0.0
2018-06-30,37,0.0
2018-07-31,37,0.0
2018-08-31,37,0.0
2018-09-30,37,0.0
2018-10-31,37,0.0
2018-11-30,37,0.0
2018-12-31,37,0.0
2019-01-31,37,0.0
2019-02-28,37,0.0
2019-03-31,37,0.0
2019-04-30,37,0.0
2019-05-31,37,0.0
2019-06-30,37,0.0
2019-07-31,37,0.0
2019-08-31,37,0.0
2019-09-30,37,0.0
2019-10-31,37,0.0
2019-11-30,37,0.0
2019-12-31,37,0.0
2020-01-31,37,0.0
2020-02-29,37,0.0
2020-03-31,37,0.0
2020-04-30,37,0.0
2020-05-31,37,0.0
2020-06-30,37,0.0
2020-07-31,37,0.0
2020-08-31,37,0.0
2020-09-30,37,0.0
2020-10-31,37,0.0
2020-11-30,37,0.0
2020-12-31,37,0.0
2021-01-31,37,0.0
2021-02-28,37,0.0
2021-03-31,37,0.0
2021-04-30,37,0.0
2021-05-31,37,0.0
2021-06-30,37,0.0
2021-07-31,37,0.0
2021-08-31,37,0.0
2021-09-30,37,0.0
2021-10-31,37,0.0
2021-11-30,37,0.0
2021-12-31,37,0.0
2022-01-31,37,0.0
2022-02-28,37,0.0
2022-03-31,37,0.0
2022-04-30,37,0.0
2022-05-31,37,0.0
2022-06-30,37,0.0
2022-07-31,37,0.0
2022-08-31,37,0.0
2022-09-30,37,0.0
2022-10-31,37,0.0
2022-11-30,37,0.0
2022-12-31,37,0.0
2023-01-31,37,0.0
2023-02-28,37,0.0
2023-03-31,37,0.0
2023-04-30,37,0.0
2023-05-31,37,0.0
2023-06-30,37,0.0
2023-07-31,37,0.0
2023-08-31,37,0.0
2023-09-30,37,0.0
2023-10-31,37,0.0
2023-11-30,37,0.0
2015-01-31,38,0.0
2015-02-28,38,0.0
2015-03-31,38,0.0
2015-04-30,38,0.0
2015-05-31,38,0.0
2015-06-30,38,0.0
2015-07-31,38,0.0
2015-08-31,38,0.0
2015-09-30,38,0.0
2015-10-31,38,0.0
2015-11-30,38,0.0
2015-12-31,38,0.0
2016-01-31,38,0.0
2016-02-29,38,0.0
2016-03-31,38,0.0
2016-04-30,38,0.0
2016-05-31,38,0.0
2016-06-30,38,0.0
2016-07-31,38,0.0
2016-08-31,38,0.0
2016-09-30,38,0.0
2016-10-31,38,0.0
2016-11-30,38,0.0
2016-12-31,38,0.0
2017-01-31,38,0.0
2017-02-28,38,0.0
2017-03-31,38,0.0
2017-04-30,38,0.0
2017-05-31,38,0.0
2017-06-30,38,0.0
2017-07-31,38,0.0
2017-08-31,38,0.0
2017-09-30,38,0.0
2017-10-31,38,0.0
2017-11-30,38,0.0
2017-12-31,38,0.0
2018-01-31,38,0.0
2018-02-28,38,0.0
2018-03-31,38,0.0
2018-04-30,38,0.0
2018-05-31,38,0.0
2018-06-30,38,0.0
2018-07-31,38,0.0
2018-08-31,38,0.0
2018-09-30,38,0.0
2018-10-31,38,0.0
2018-11-30,38,0.0
2018-12-31,38,0.0
2019-01-31,38,0.0
2019-02-28,38,0.0
2019-03-31,38,0.0
2019-04-30,38,0.0
2019-05-31,38,0.0
2019-06-30,38,0.0
2019-07-31,38,0.0
2019-08-31,38,0.0
2019-09-30,38,0.0
2019-10-31,38,0.0
2019-11-30,38,0.0
2019-12-31,38,0.0
2020-01-31,38,0.0
2020-02-29,38,0.0
2020-03-31,38,0.0
2020-04-30,38,0.0
2020-05-31,38,0.0
2020-06-30,38,0.0
2020-07-31,38,0.0
2020-08-31,38,0.0
2020-09-30,38,0.0
2020-10-31,38,0.0
2020-11-30,38,0.0
2020-12-31,38,0.0
2021-01-31,38,0.0
2021-02-28,38,0.0
2021-03-31,38,0.0
2021-04-30,38,0.0
2021-05-31,38,0.0
2021-06-30,38,0.0
2021-07-31,38,0.0
2021-08-31,38,0.0
2021-09-30,38,0.0
2021-10-31,38,0.0
2021-11-30,38,0.0
2021-12-31,38,0.0
2022-01-31,38,0.0
2022-02-28,38,0.0
2022-03-31,38,0.0
2022-04-30,38,0.0
2022-05-31,38,0.0
2022-06-30,38,0.0
2022-07-31,38,0.0
2022-08-31,38,0.0
2022-09-30,38,0.0
2022-10-31,38,0.0
2022-11-30,38,0.0
2022-12-31,38,0.0
2023-01-31,38,0.0
2023-02-28,38,0.0
2023-03-31,38,0.0
2023-04-30,38,0.0
2023-05-31,38,0.0
2023-06-30,38,0.0
2023-07-31,38,0.0
2023-08-31,38,0.0
2023-09-30,38,0.0
2023-10-31,38,0.0
2023-11-30,38,0.0
2015-01-31,39,0.0
2015-02-28,39,0.0
2015-03-31,39,0.0
2015-04-30,39,0.0
2015-05-31,39,0.0
2015-06-30,39,0.0
2015-07-31,39,0.0
2015-08-31,39,0.0
2015-09-30,39,0.0
2015-10-31,39,0.0
2015-11-30,39,0.0
2015-12-31,39,0.0
2016-01-31,39,0.0
2016-02-29,39,0.0
2016-03-31,39,0.0
2016-04-30,39,0.0
2016-05-31,39,0.0
2016-06-30,39,0.0
2016-07-31,39,0.0
2016-08-31,39,0.0
2016-09-30,39,0.0
2016-10-31,39,0.0
2016-11-30,39,0.0
2016-12-31,39,0.0
2017-01-31,39,0.0
2017-02-28,39,0.0
2017-03-31,39,0.0
2017-04-30,39,0.0
2017-05-31,39,0.0
2017-06-30,39,0.0
2017-07-31,39,0.0
2017-08-31,39,0.0
2017-09-30,39,0.0
2017-10-31,39,0.0
2017-11-30,39,0.0
2017-12-31,39,0.0
2018-01-31,39,0.0
2018-02-28,39,0.0
2018-03-31,39,0.0
2018-04-30,39,0.0
2018-05-31,39,0.0
2018-06-30,39,0.0
2018-07-31,39,0.0
2018-08-31,39,0.0
2018-09-30,39,0.0
2018-10-31,39,0.0
2018-11-30,39,0.0
2018-12-31,39,0.0
2019-01-31,39,0.0
2019-02-28,39,0.0
2019-03-31,39,0.0
2019-04-30,39,0.0
2019-05-31,39,0.0
2019-06-30,39,0.0
2019-07-31,39,0.0
2019-08-31,39,0.0
2019-09-30,39,0.0
2019-10-31,39,0.0
2019-11-30,39,0.0
2019-12-31,39,0.0
2020-01-31,39,0.0
2020-02-29,39,0.0
2020-03-31,39,0.0
2020-04-30,39,0.0
2020-05-31,39,0.0
2020-06-30,39,0.0
2020-07-31,39,0.0
2020-08-31,39,0.0
2020-09-30,39,0.0
2020-10-31,39,0.0
2020-11-30,39,0.0
2020-12-31,39,0.0
2021-01-31,39,0.0
2021-02-28,39,0.0
2021-03-31,39,0.0
2021-04-30,39,0.0
2021-05-31,39,0.0
2021-06-30,39,0.0
2021-07-31,39,0.0
2021-08-31,39,0.0
2021-09-30,39,0.0
2021-10-31,39,0.0
2021-11-30,39,0.0
2021-12-31,39,0.0
2022-01-31,39,0.0
2022-02-28,39,0.0
2022-03-31,39,0.0
2022-04-30,39,0.0
2022-05-31,39,0.0
2022-06-30,39,0.0
2022-07-31,39,0.0
2022-08-31,39,0.0
2022-09-30,39,0.0
2022-10-31,39,0.0
2022-11-30,39,0.0
2022-12-31,39,0.0
2023-01-31,39,0.0
2023-02-28,39,0.0
2023-03-31,39,0.0
2023-04-30,39,0.0
2023-05-31,39,0.0
2023-06-30,39,0.0
2023-07-31,39,0.0
2023-08-31,39,0.0
2023-09-30,39,0.0
2023-10-31,39,0.0
2023-11-30,39,0.0
2015-01-31,40,0.0
2015-02-28,40,5.261923605394363
2015-03-31,40,0.0
2015-04-30,40,0.0
2015-05-31,40,0.0
2015-06-30,40,0.0
2015-07-31,40,0.0
2015-08-31,40,9.263412820887567
2015-09-30,40,0.0
2015-10-31,40,0.0
2015-11-30,40,0.0
2015-12-31,40,0.0
2016-01-31,40,0.0
2016-02-29,40,0.0
2016-03-31,40,0.0
2016-04-30,40,31.915606610012055
2016-05-31,40,0.03870515166521073
2016-06-30,40,0.0
2016-07-31,40,3.484489571285248
2016-08-31,40,0.0
2016-09-30,40,27.581484318208695
2016-10-31,40,0.0
2016-11-30,40,0.0
2016-12-31,40,8.083095267534256
2017-01-31,40,0.0
2017-02-28,40,0.0
2017-03-31,40,0.0
2017-04-30,40,0.0
2017-05-31,40,0.0
2017-06-30,40,0.0
2017-07-31,40,0.0
2017-08-31,40,0.0
2017-09-30,40,0.0
2017-10-31,40,10.1357150952816
2017-11-30,40,0.0
2017-12-31,40,0.0
2018-01-31,40,0.0
2018-02-28,40,0.0
2018-03-31,40,0.0
2018-04-30,40,0.0
2018-05-31,40,0.0
2018-06-30,40,0.0
2018-07-31,40,0.0
2018-08-31,40,8.528840136909485
2018-09-30,40,0.0
2018-10-31,40,0.0
2018-11-30,40,0.0
2018-12-31,40,9.208046158647537
2019-01-31,40,0.0
2019-02-28,40,0.0
2019-03-31,40,0.28515291516780855
2019-04-30,40,0.0
2019-05-31,40,0.0
2019-06-30,40,0.0
2019-07-31,40,0.4637243939995766
2019-08-31,40,4.70520871578455
2019-09-30,40,0.0
2019-10-31,40,0.0
2019-11-30,40,0.12011985794305802
2019-12-31,40,0.0
2020-01-31,40,0.0
2020-02-29,40,0.0
2020-03-31,40,0.0
2020-04-30,40,0.0
2020-05-31,40,0.0
2020-06-30,40,0.0
2020-07-31,40,0.0
2020-08-31,40,0.0
2020-09-30,40,0.0
2020-10-31,40,0.0
2020-11-30,40,0.0
2020-12-31,40,0.0
2021-01-31,40,0.0
2021-02-28,40,0.0
2021-03-31,40,0.0
2021-04-30,40,0.9362428626358509
2021-05-31,40,0.0
2021-06-30,40,0.0
2021-07-31,40,0.0
2021-08-31,40,0.0
2021-09-30,40,6.103848965370656
2021-10-31,40,0.0
2021-11-30,40,0.0
2021-12-31,40,0.0
2022-01-31,40,10.2944782330513
2022-02-28,40,0.0
2022-03-31,40,0.0
2022-04-30,40,4.807374948942662
2022-05-31,40,1.141336856174469
2022-06-30,40,0.0
2022-07-31,40,0.0
2022-08-31,40,0.0
2022-09-30,40,0.0
2022-10-31,40,0.0
2022-11-30,40,0.0
2022-12-31,40,0.0
2023-01-31,40,0.0
2023-02-28,40,0.0
2023-03-31,40,0.0
2023-04-30,40,0.0
2023-05-31,40,0.0
2023-06-30,40,3.3456808208942412
2023-07-31,40,0.0
2023-08-31,40,21.140404335594177
2023-09-30,40,0.0
2023-10-31,40,5.922792540836334
2023-11-30,40,0.0
